{"linear_acceleration": {"z": -0.1, "y": -0.13, "x": 0.35}, "time": {"start": 1557615944357284, "scale": "microsecond"}, "quaternion": {"w": 0.73260498046875, "z": 0.678955078125, "y": 0.0411376953125, "x": 0.02508544921875}, "distance": {"inches": 617.69, "cm": 1568.93}, "euler_angles": {"pitch": -5.3125, "roll": -1.5, "heading": 274.3125}, "imu_calibration": {"accelerometer": 3, "magnetometer": 3, "gyroscope": 3, "system": 3}}
{"linear_acceleration": {"z": -0.06, "y": -0.11, "x": 0.18}, "time": {"start": 1557615944510781, "scale": "microsecond"}, "quaternion": {"w": 0.7318115234375, "z": 0.67999267578125, "y": 0.037841796875, "x": 0.0257568359375}, "distance": {"inches": 617.54, "cm": 1568.54}, "euler_angles": {"pitch": -5.0625, "roll": -1.125, "heading": 274.1875}, "imu_calibration": {"accelerometer": 3, "magnetometer": 3, "gyroscope": 3, "system": 3}}
{"linear_acceleration": {"z": -0.13, "y": -0.17, "x": 0.21}, "time": {"start": 1557615944663816, "scale": "microsecond"}, "quaternion": {"w": 0.728759765625, "z": 0.68328857421875, "y": 0.03802490234375, "x": 0.02484130859375}, "distance": {"inches": 49.38, "cm": 125.42}, "euler_angles": {"pitch": -5.0, "roll": -1.1875, "heading": 273.6875}, "imu_calibration": {"accelerometer": 3, "magnetometer": 3, "gyroscope": 3, "system": 3}}
{"linear_acceleration": {"z": 0.01, "y": -0.02, "x": 0.0}, "time": {"start": 1557615944730889, "scale": "microsecond"}, "quaternion": {"w": 0.7276611328125, "z": 0.68438720703125, "y": 0.03839111328125, "x": 0.0255126953125}, "distance": {"inches": 602.05, "cm": 1529.19}, "euler_angles": {"pitch": -5.125, "roll": -1.1875, "heading": 273.5}, "imu_calibration": {"accelerometer": 3, "magnetometer": 3, "gyroscope": 3, "system": 3}}
{"linear_acceleration": {"z": -0.04, "y": -0.15, "x": 0.15}, "time": {"start": 1557615944882338, "scale": "microsecond"}, "quaternion": {"w": 0.72613525390625, "z": 0.68585205078125, "y": 0.041015625, "x": 0.025146484375}, "distance": {"inches": 49.61, "cm": 126.01}, "euler_angles": {"pitch": -5.3125, "roll": -1.375, "heading": 273.25}, "imu_calibration": {"accelerometer": 3, "magnetometer": 3, "gyroscope": 3, "system": 3}}
{"linear_acceleration": {"z": 0.07, "y": -0.06, "x": 0.18}, "time": {"start": 1557615944951136, "scale": "microsecond"}, "quaternion": {"w": 0.727294921875, "z": 0.6846923828125, "y": 0.040771484375, "x": 0.0252685546875}, "distance": {"inches": 602.69, "cm": 1530.81}, "euler_angles": {"pitch": -5.25, "roll": -1.375, "heading": 273.4375}, "imu_calibration": {"accelerometer": 3, "magnetometer": 3, "gyroscope": 3, "system": 3}}
{"linear_acceleration": {"z": -0.17, "y": 0.1, "x": 0.09}, "time": {"start": 1557615945101476, "scale": "microsecond"}, "quaternion": {"w": 0.72808837890625, "z": 0.6839599609375, "y": 0.038818359375, "x": 0.02447509765625}, "distance": {"inches": 617.06, "cm": 1567.33}, "euler_angles": {"pitch": -5.0625, "roll": -1.3125, "heading": 273.5625}, "imu_calibration": {"accelerometer": 3, "magnetometer": 3, "gyroscope": 3, "system": 3}}
{"linear_acceleration": {"z": 0.0, "y": -0.31, "x": 0.15}, "time": {"start": 1557615945255426, "scale": "microsecond"}, "quaternion": {"w": 0.73052978515625, "z": 0.68145751953125, "y": 0.0372314453125, "x": 0.02362060546875}, "distance": {"inches": 617.79, "cm": 1569.17}, "euler_angles": {"pitch": -4.875, "roll": -1.25, "heading": 273.9375}, "imu_calibration": {"accelerometer": 3, "magnetometer": 3, "gyroscope": 3, "system": 3}}
{"linear_acceleration": {"z": 0.24, "y": -0.11, "x": 0.22}, "time": {"start": 1557615945407437, "scale": "microsecond"}, "quaternion": {"w": 0.73486328125, "z": 0.67681884765625, "y": 0.03533935546875, "x": 0.02447509765625}, "distance": {"inches": 617.78, "cm": 1569.15}, "euler_angles": {"pitch": -4.75, "roll": -1.0625, "heading": 274.6875}, "imu_calibration": {"accelerometer": 3, "magnetometer": 3, "gyroscope": 3, "system": 3}}
{"linear_acceleration": {"z": 0.02, "y": 0.17, "x": 0.13}, "time": {"start": 1557615945561788, "scale": "microsecond"}, "quaternion": {"w": 0.74188232421875, "z": 0.669189453125, "y": 0.034423828125, "x": 0.02313232421875}, "distance": {"inches": 47.71, "cm": 121.17}, "euler_angles": {"pitch": -4.5625, "roll": -1.1875, "heading": 275.75}, "imu_calibration": {"accelerometer": 3, "magnetometer": 3, "gyroscope": 3, "system": 3}}
{"linear_acceleration": {"z": 0.24, "y": 0.09, "x": 0.05}, "time": {"start": 1557615945632483, "scale": "microsecond"}, "quaternion": {"w": 0.7467041015625, "z": 0.663818359375, "y": 0.03289794921875, "x": 0.026123046875}, "distance": {"inches": 604.21, "cm": 1534.68}, "euler_angles": {"pitch": -4.6875, "roll": -0.8125, "heading": 276.5625}, "imu_calibration": {"accelerometer": 3, "magnetometer": 3, "gyroscope": 3, "system": 3}}
{"linear_acceleration": {"z": -0.06, "y": -0.26, "x": 0.38}, "time": {"start": 1557615945784639, "scale": "microsecond"}, "quaternion": {"w": 0.759033203125, "z": 0.64984130859375, "y": 0.03125, "x": 0.02471923828125}, "distance": {"inches": 617.8, "cm": 1569.2}, "euler_angles": {"pitch": -4.4375, "roll": -0.875, "heading": 278.8125}, "imu_calibration": {"accelerometer": 3, "magnetometer": 3, "gyroscope": 3, "system": 3}}
{"linear_acceleration": {"z": 0.01, "y": 0.28, "x": 0.04}, "time": {"start": 1557615945938951, "scale": "microsecond"}, "quaternion": {"w": 0.76519775390625, "z": 0.6419677734375, "y": 0.04296875, "x": 0.0220947265625}, "distance": {"inches": 618.09, "cm": 1569.95}, "euler_angles": {"pitch": -5.0625, "roll": -2.125, "heading": 280.0}, "imu_calibration": {"accelerometer": 3, "magnetometer": 3, "gyroscope": 3, "system": 3}}
{"linear_acceleration": {"z": 0.0, "y": -0.16, "x": -0.1}, "time": {"start": 1557615946088102, "scale": "microsecond"}, "quaternion": {"w": 0.7779541015625, "z": 0.624755859375, "y": 0.05694580078125, "x": 0.03448486328125}, "distance": {"inches": 49.49, "cm": 125.7}, "euler_angles": {"pitch": -7.125, "roll": -2.5625, "heading": 282.4375}, "imu_calibration": {"accelerometer": 3, "magnetometer": 3, "gyroscope": 3, "system": 3}}
{"linear_acceleration": {"z": 0.39, "y": 0.18, "x": -0.13}, "time": {"start": 1557615946155790, "scale": "microsecond"}, "quaternion": {"w": 0.78466796875, "z": 0.6168212890625, "y": 0.05194091796875, "x": 0.03363037109375}, "distance": {"inches": 603.02, "cm": 1531.66}, "euler_angles": {"pitch": -6.6875, "roll": -2.25, "heading": 283.625}, "imu_calibration": {"accelerometer": 3, "magnetometer": 3, "gyroscope": 3, "system": 3}}
{"linear_acceleration": {"z": -0.54, "y": 0.11, "x": 0.22}, "time": {"start": 1557615946312770, "scale": "microsecond"}, "quaternion": {"w": 0.80462646484375, "z": 0.59130859375, "y": 0.0467529296875, "x": 0.02734375}, "distance": {"inches": 618.07, "cm": 1569.88}, "euler_angles": {"pitch": -5.6875, "roll": -2.5, "heading": 287.0}, "imu_calibration": {"accelerometer": 3, "magnetometer": 3, "gyroscope": 3, "system": 3}}
{"linear_acceleration": {"z": 0.06, "y": 0.04, "x": 0.04}, "time": {"start": 1557615946466233, "scale": "microsecond"}, "quaternion": {"w": 0.8248291015625, "z": 0.56256103515625, "y": 0.04986572265625, "x": 0.025634765625}, "distance": {"inches": 618.42, "cm": 1570.79}, "euler_angles": {"pitch": -5.625, "roll": -3.0, "heading": 291.0625}, "imu_calibration": {"accelerometer": 3, "magnetometer": 3, "gyroscope": 3, "system": 3}}
{"linear_acceleration": {"z": 0.18, "y": -0.01, "x": -0.08}, "time": {"start": 1557615946619417, "scale": "microsecond"}, "quaternion": {"w": 0.8428955078125, "z": 0.5350341796875, "y": 0.05255126953125, "x": 0.0224609375}, "distance": {"inches": 618.2, "cm": 1570.23}, "euler_angles": {"pitch": -5.375, "roll": -3.6875, "heading": 295.1875}, "imu_calibration": {"accelerometer": 3, "magnetometer": 3, "gyroscope": 3, "system": 3}}
{"linear_acceleration": {"z": -0.31, "y": -0.29, "x": -0.48}, "time": {"start": 1557615946769835, "scale": "microsecond"}, "quaternion": {"w": 0.85784912109375, "z": 0.510009765625, "y": 0.05908203125, "x": 0.0230712890625}, "distance": {"inches": 84.59, "cm": 214.87}, "euler_angles": {"pitch": -5.6875, "roll": -4.4375, "heading": 298.5}, "imu_calibration": {"accelerometer": 3, "magnetometer": 3, "gyroscope": 3, "system": 3}}
{"linear_acceleration": {"z": -0.47, "y": -0.6, "x": -0.25}, "time": {"start": 1557615946842039, "scale": "microsecond"}, "quaternion": {"w": 0.8651123046875, "z": 0.49566650390625, "y": 0.07196044921875, "x": 0.02593994140625}, "distance": {"inches": 83.79, "cm": 212.83}, "euler_angles": {"pitch": -6.6875, "roll": -5.625, "heading": 300.375}, "imu_calibration": {"accelerometer": 3, "magnetometer": 3, "gyroscope": 3, "system": 3}}
{"linear_acceleration": {"z": 0.55, "y": -0.27, "x": -0.72}, "time": {"start": 1557615946917399, "scale": "microsecond"}, "quaternion": {"w": 0.8704833984375, "z": 0.4849853515625, "y": 0.0770263671875, "x": 0.03369140625}, "distance": {"inches": 64.75, "cm": 164.46}, "euler_angles": {"pitch": -7.625, "roll": -5.875, "heading": 301.625}, "imu_calibration": {"accelerometer": 3, "magnetometer": 3, "gyroscope": 3, "system": 3}}
{"linear_acceleration": {"z": 0.01, "y": -0.95, "x": -0.13}, "time": {"start": 1557615946987447, "scale": "microsecond"}, "quaternion": {"w": 0.87677001953125, "z": 0.4736328125, "y": 0.07568359375, "x": 0.033935546875}, "distance": {"inches": 64.33, "cm": 163.39}, "euler_angles": {"pitch": -7.5, "roll": -5.6875, "heading": 303.0}, "imu_calibration": {"accelerometer": 3, "magnetometer": 3, "gyroscope": 3, "system": 3}}
{"linear_acceleration": {"z": -0.45, "y": -0.57, "x": -0.56}, "time": {"start": 1557615947057530, "scale": "microsecond"}, "quaternion": {"w": 0.880615234375, "z": 0.46588134765625, "y": 0.0811767578125, "x": 0.03057861328125}, "distance": {"inches": 63.26, "cm": 160.69}, "euler_angles": {"pitch": -7.5, "roll": -6.5625, "heading": 304.0625}, "imu_calibration": {"accelerometer": 3, "magnetometer": 3, "gyroscope": 3, "system": 3}}
{"linear_acceleration": {"z": 0.44, "y": -0.8, "x": 0.1}, "time": {"start": 1557615947128728, "scale": "microsecond"}, "quaternion": {"w": 0.88323974609375, "z": 0.46234130859375, "y": 0.072509765625, "x": 0.02874755859375}, "distance": {"inches": 63.92, "cm": 162.36}, "euler_angles": {"pitch": -6.75, "roll": -5.8125, "heading": 304.6875}, "imu_calibration": {"accelerometer": 3, "magnetometer": 3, "gyroscope": 3, "system": 3}}
{"linear_acceleration": {"z": 0.75, "y": 0.37, "x": -1.24}, "time": {"start": 1557615947199336, "scale": "microsecond"}, "quaternion": {"w": 0.88421630859375, "z": 0.45941162109375, "y": 0.078857421875, "x": 0.03070068359375}, "distance": {"inches": 65.15, "cm": 165.48}, "euler_angles": {"pitch": -7.3125, "roll": -6.3125, "heading": 305.0}, "imu_calibration": {"accelerometer": 3, "magnetometer": 3, "gyroscope": 3, "system": 3}}
{"linear_acceleration": {"z": -0.32, "y": -0.3, "x": 0.0}, "time": {"start": 1557615947277465, "scale": "microsecond"}, "quaternion": {"w": 0.8897705078125, "z": 0.44842529296875, "y": 0.0811767578125, "x": 0.02581787109375}, "distance": {"inches": 60.1, "cm": 152.65}, "euler_angles": {"pitch": -6.875, "roll": -6.875, "heading": 306.3125}, "imu_calibration": {"accelerometer": 3, "magnetometer": 3, "gyroscope": 3, "system": 3}}
{"linear_acceleration": {"z": -0.02, "y": 0.12, "x": 0.26}, "time": {"start": 1557615947347820, "scale": "microsecond"}, "quaternion": {"w": 0.892578125, "z": 0.44140625, "y": 0.08819580078125, "x": 0.02740478515625}, "distance": {"inches": 59.26, "cm": 150.52}, "euler_angles": {"pitch": -7.25, "roll": -7.625, "heading": 307.25}, "imu_calibration": {"accelerometer": 3, "magnetometer": 3, "gyroscope": 3, "system": 3}}
{"linear_acceleration": {"z": -0.42, "y": 0.22, "x": 0.4}, "time": {"start": 1557615947424751, "scale": "microsecond"}, "quaternion": {"w": 0.8927001953125, "z": 0.4405517578125, "y": 0.08966064453125, "x": 0.031005859375}, "distance": {"inches": 62.48, "cm": 158.69}, "euler_angles": {"pitch": -7.75, "roll": -7.625, "heading": 307.4375}, "imu_calibration": {"accelerometer": 3, "magnetometer": 3, "gyroscope": 3, "system": 3}}
{"linear_acceleration": {"z": -0.49, "y": 0.76, "x": -0.09}, "time": {"start": 1557615947496407, "scale": "microsecond"}, "quaternion": {"w": 0.88983154296875, "z": 0.4447021484375, "y": 0.095947265625, "x": 0.03485107421875}, "distance": {"inches": 58.79, "cm": 149.31}, "euler_angles": {"pitch": -8.4375, "roll": -7.9375, "heading": 306.875}, "imu_calibration": {"accelerometer": 3, "magnetometer": 3, "gyroscope": 3, "system": 3}}
{"linear_acceleration": {"z": -0.11, "y": 0.6, "x": 0.44}, "time": {"start": 1557615947571619, "scale": "microsecond"}, "quaternion": {"w": 0.88922119140625, "z": 0.44366455078125, "y": 0.10321044921875, "x": 0.04229736328125}, "distance": {"inches": 58.16, "cm": 147.72}, "euler_angles": {"pitch": -9.6875, "roll": -8.375, "heading": 306.9375}, "imu_calibration": {"accelerometer": 3, "magnetometer": 3, "gyroscope": 3, "system": 3}}
{"linear_acceleration": {"z": 0.34, "y": 0.58, "x": 0.42}, "time": {"start": 1557615947641586, "scale": "microsecond"}, "quaternion": {"w": 0.886962890625, "z": 0.4466552734375, "y": 0.10546875, "x": 0.05108642578125}, "distance": {"inches": 58.09, "cm": 147.56}, "euler_angles": {"pitch": -10.75, "roll": -8.125, "heading": 306.5}, "imu_calibration": {"accelerometer": 3, "magnetometer": 3, "gyroscope": 3, "system": 3}}
{"linear_acceleration": {"z": 0.51, "y": 0.65, "x": 0.24}, "time": {"start": 1557615947715796, "scale": "microsecond"}, "quaternion": {"w": 0.88671875, "z": 0.4444580078125, "y": 0.11236572265625, "x": 0.05950927734375}, "distance": {"inches": 60.74, "cm": 154.27}, "euler_angles": {"pitch": -11.9375, "roll": -8.375, "heading": 306.6875}, "imu_calibration": {"accelerometer": 3, "magnetometer": 3, "gyroscope": 3, "system": 3}}
{"linear_acceleration": {"z": -0.05, "y": 0.39, "x": 0.49}, "time": {"start": 1557615947788693, "scale": "microsecond"}, "quaternion": {"w": 0.88909912109375, "z": 0.441162109375, "y": 0.1060791015625, "x": 0.0601806640625}, "distance": {"inches": 55.93, "cm": 142.06}, "euler_angles": {"pitch": -11.625, "roll": -7.875, "heading": 307.1875}, "imu_calibration": {"accelerometer": 3, "magnetometer": 3, "gyroscope": 3, "system": 3}}
{"linear_acceleration": {"z": -0.5, "y": -0.11, "x": 0.48}, "time": {"start": 1557615947860090, "scale": "microsecond"}, "quaternion": {"w": 0.8922119140625, "z": 0.43548583984375, "y": 0.10150146484375, "x": 0.0635986328125}, "distance": {"inches": 55.79, "cm": 141.71}, "euler_angles": {"pitch": -11.6875, "roll": -7.1875, "heading": 307.9375}, "imu_calibration": {"accelerometer": 3, "magnetometer": 3, "gyroscope": 3, "system": 3}}
{"linear_acceleration": {"z": 0.03, "y": 0.23, "x": 0.15}, "time": {"start": 1557615947932904, "scale": "microsecond"}, "quaternion": {"w": 0.8958740234375, "z": 0.427734375, "y": 0.09844970703125, "x": 0.06878662109375}, "distance": {"inches": 55.63, "cm": 141.3}, "euler_angles": {"pitch": -12.0, "roll": -6.75, "heading": 308.9375}, "imu_calibration": {"accelerometer": 3, "magnetometer": 3, "gyroscope": 3, "system": 3}}
{"linear_acceleration": {"z": -0.43, "y": -0.09, "x": 0.17}, "time": {"start": 1557615948002054, "scale": "microsecond"}, "quaternion": {"w": 0.90118408203125, "z": 0.4171142578125, "y": 0.09564208984375, "x": 0.06884765625}, "distance": {"inches": 58.58, "cm": 148.79}, "euler_angles": {"pitch": -11.8125, "roll": -6.5625, "heading": 310.125}, "imu_calibration": {"accelerometer": 3, "magnetometer": 3, "gyroscope": 3, "system": 3}}
{"linear_acceleration": {"z": 0.31, "y": -0.1, "x": 0.11}, "time": {"start": 1557615948079368, "scale": "microsecond"}, "quaternion": {"w": 0.90594482421875, "z": 0.40673828125, "y": 0.0938720703125, "x": 0.07098388671875}, "distance": {"inches": 55.28, "cm": 140.4}, "euler_angles": {"pitch": -11.875, "roll": -6.4375, "heading": 311.375}, "imu_calibration": {"accelerometer": 3, "magnetometer": 3, "gyroscope": 3, "system": 3}}
{"linear_acceleration": {"z": -0.48, "y": -0.07, "x": 0.28}, "time": {"start": 1557615948150848, "scale": "microsecond"}, "quaternion": {"w": 0.91241455078125, "z": 0.3919677734375, "y": 0.0947265625, "x": 0.0697021484375}, "distance": {"inches": 54.11, "cm": 137.43}, "euler_angles": {"pitch": -11.6875, "roll": -6.6875, "heading": 313.1875}, "imu_calibration": {"accelerometer": 3, "magnetometer": 3, "gyroscope": 3, "system": 3}}
{"linear_acceleration": {"z": 0.39, "y": -0.15, "x": 0.52}, "time": {"start": 1557615948227101, "scale": "microsecond"}, "quaternion": {"w": 0.91973876953125, "z": 0.374267578125, "y": 0.094970703125, "x": 0.07086181640625}, "distance": {"inches": 105.96, "cm": 269.14}, "euler_angles": {"pitch": -11.6875, "roll": -6.9375, "heading": 315.6875}, "imu_calibration": {"accelerometer": 3, "magnetometer": 3, "gyroscope": 3, "system": 3}}
{"linear_acceleration": {"z": 0.34, "y": -0.54, "x": 1.16}, "time": {"start": 1557615948305147, "scale": "microsecond"}, "quaternion": {"w": 0.9295654296875, "z": 0.349609375, "y": 0.0947265625, "x": 0.0682373046875}, "distance": {"inches": 55.39, "cm": 140.69}, "euler_angles": {"pitch": -11.25, "roll": -7.3125, "heading": 318.4375}, "imu_calibration": {"accelerometer": 3, "magnetometer": 3, "gyroscope": 3, "system": 3}}
{"linear_acceleration": {"z": 0.78, "y": 0.2, "x": 0.75}, "time": {"start": 1557615948381235, "scale": "microsecond"}, "quaternion": {"w": 0.935546875, "z": 0.33380126953125, "y": 0.0960693359375, "x": 0.0640869140625}, "distance": {"inches": 104.58, "cm": 265.64}, "euler_angles": {"pitch": -10.8125, "roll": -7.6875, "heading": 320.3125}, "imu_calibration": {"accelerometer": 3, "magnetometer": 3, "gyroscope": 3, "system": 3}}
{"linear_acceleration": {"z": 0.16, "y": -0.03, "x": 0.77}, "time": {"start": 1557615948463472, "scale": "microsecond"}, "quaternion": {"w": 0.94464111328125, "z": 0.3106689453125, "y": 0.09136962890625, "x": 0.0528564453125}, "distance": {"inches": 102.97, "cm": 261.54}, "euler_angles": {"pitch": -9.0625, "roll": -8.0, "heading": 323.5625}, "imu_calibration": {"accelerometer": 3, "magnetometer": 3, "gyroscope": 3, "system": 3}}
{"linear_acceleration": {"z": 0.72, "y": 0.31, "x": 0.15}, "time": {"start": 1557615948545575, "scale": "microsecond"}, "quaternion": {"w": 0.95135498046875, "z": 0.290283203125, "y": 0.09100341796875, "x": 0.0487060546875}, "distance": {"inches": 102.41, "cm": 260.12}, "euler_angles": {"pitch": -8.4375, "roll": -8.3125, "heading": 326.0625}, "imu_calibration": {"accelerometer": 3, "magnetometer": 3, "gyroscope": 3, "system": 3}}
{"linear_acceleration": {"z": -0.23, "y": 0.47, "x": -0.75}, "time": {"start": 1557615948620828, "scale": "microsecond"}, "quaternion": {"w": 0.9564208984375, "z": 0.27203369140625, "y": 0.0965576171875, "x": 0.04364013671875}, "distance": {"inches": 101.22, "cm": 257.1}, "euler_angles": {"pitch": -8.0, "roll": -9.0625, "heading": 327.875}, "imu_calibration": {"accelerometer": 3, "magnetometer": 3, "gyroscope": 3, "system": 3}}
{"linear_acceleration": {"z": 0.02, "y": 0.15, "x": -0.77}, "time": {"start": 1557615948699430, "scale": "microsecond"}, "quaternion": {"w": 0.96185302734375, "z": 0.2518310546875, "y": 0.101318359375, "x": 0.03460693359375}, "distance": {"inches": 100.26, "cm": 254.66}, "euler_angles": {"pitch": -7.0, "roll": -10.0625, "heading": 330.25}, "imu_calibration": {"accelerometer": 3, "magnetometer": 3, "gyroscope": 3, "system": 3}}
{"linear_acceleration": {"z": -0.63, "y": -0.27, "x": -0.37}, "time": {"start": 1557615948781755, "scale": "microsecond"}, "quaternion": {"w": 0.96563720703125, "z": 0.2344970703125, "y": 0.10894775390625, "x": 0.0257568359375}, "distance": {"inches": 99.7, "cm": 253.24}, "euler_angles": {"pitch": -5.9375, "roll": -11.3125, "heading": 332.5}, "imu_calibration": {"accelerometer": 3, "magnetometer": 3, "gyroscope": 3, "system": 3}}
{"linear_acceleration": {"z": 0.45, "y": -0.37, "x": -0.27}, "time": {"start": 1557615948859379, "scale": "microsecond"}, "quaternion": {"w": 0.9661865234375, "z": 0.228759765625, "y": 0.11676025390625, "x": 0.02203369140625}, "distance": {"inches": 92.69, "cm": 235.43}, "euler_angles": {"pitch": -5.6875, "roll": -12.25, "heading": 333.375}, "imu_calibration": {"accelerometer": 3, "magnetometer": 3, "gyroscope": 3, "system": 3}}
{"linear_acceleration": {"z": -0.57, "y": -0.71, "x": -0.04}, "time": {"start": 1557615948936725, "scale": "microsecond"}, "quaternion": {"w": 0.96453857421875, "z": 0.2332763671875, "y": 0.12298583984375, "x": 0.01043701171875}, "distance": {"inches": 613.41, "cm": 1558.04}, "euler_angles": {"pitch": -4.5625, "roll": -13.4375, "heading": 332.75}, "imu_calibration": {"accelerometer": 3, "magnetometer": 3, "gyroscope": 3, "system": 3}}
{"linear_acceleration": {"z": -1.22, "y": -0.59, "x": 0.62}, "time": {"start": 1557615949087930, "scale": "microsecond"}, "quaternion": {"w": 0.95880126953125, "z": 0.25634765625, "y": 0.1220703125, "x": -0.00677490234375}, "distance": {"inches": 91.95, "cm": 233.54}, "euler_angles": {"pitch": -2.875, "roll": -13.6875, "heading": 330.0625}, "imu_calibration": {"accelerometer": 3, "magnetometer": 3, "gyroscope": 3, "system": 3}}
{"linear_acceleration": {"z": -0.38, "y": 0.15, "x": -0.08}, "time": {"start": 1557615949161255, "scale": "microsecond"}, "quaternion": {"w": 0.95355224609375, "z": 0.28009033203125, "y": 0.11053466796875, "x": -0.00921630859375}, "distance": {"inches": 93.74, "cm": 238.1}, "euler_angles": {"pitch": -2.3125, "roll": -12.5625, "heading": 327.5625}, "imu_calibration": {"accelerometer": 3, "magnetometer": 3, "gyroscope": 3, "system": 3}}
{"linear_acceleration": {"z": -1.44, "y": -0.27, "x": 0.45}, "time": {"start": 1557615949238444, "scale": "microsecond"}, "quaternion": {"w": 0.94940185546875, "z": 0.29833984375, "y": 0.0980224609375, "x": -0.00537109375}, "distance": {"inches": 100.1, "cm": 254.25}, "euler_angles": {"pitch": -2.8125, "roll": -10.875, "heading": 325.0625}, "imu_calibration": {"accelerometer": 3, "magnetometer": 3, "gyroscope": 3, "system": 3}}
{"linear_acceleration": {"z": -0.78, "y": 1.1, "x": -0.86}, "time": {"start": 1557615949312960, "scale": "microsecond"}, "quaternion": {"w": 0.94403076171875, "z": 0.3209228515625, "y": 0.07598876953125, "x": 0.0042724609375}, "distance": {"inches": 90.62, "cm": 230.18}, "euler_angles": {"pitch": -3.375, "roll": -8.25, "heading": 322.75}, "imu_calibration": {"accelerometer": 3, "magnetometer": 3, "gyroscope": 3, "system": 3}}
{"linear_acceleration": {"z": 0.12, "y": 1.18, "x": -0.66}, "time": {"start": 1557615949390219, "scale": "microsecond"}, "quaternion": {"w": 0.93951416015625, "z": 0.338134765625, "y": 0.0537109375, "x": 0.006591796875}, "distance": {"inches": 98.87, "cm": 251.12}, "euler_angles": {"pitch": -2.75, "roll": -5.5, "heading": 320.375}, "imu_calibration": {"accelerometer": 3, "magnetometer": 3, "gyroscope": 3, "system": 3}}
{"linear_acceleration": {"z": -0.09, "y": 0.92, "x": -0.78}, "time": {"start": 1557615949467493, "scale": "microsecond"}, "quaternion": {"w": 0.937744140625, "z": 0.34564208984375, "y": 0.0255126953125, "x": 0.02215576171875}, "distance": {"inches": 95.54, "cm": 242.67}, "euler_angles": {"pitch": -3.375, "roll": -1.8125, "heading": 319.5}, "imu_calibration": {"accelerometer": 3, "magnetometer": 3, "gyroscope": 3, "system": 3}}
{"linear_acceleration": {"z": -0.29, "y": 1.36, "x": -1.21}, "time": {"start": 1557615949543588, "scale": "microsecond"}, "quaternion": {"w": 0.93792724609375, "z": 0.34503173828125, "y": 0.00030517578125, "x": 0.035888671875}, "distance": {"inches": 95.88, "cm": 243.54}, "euler_angles": {"pitch": -3.75, "roll": 1.1875, "heading": 319.5625}, "imu_calibration": {"accelerometer": 3, "magnetometer": 3, "gyroscope": 3, "system": 3}}
{"linear_acceleration": {"z": 0.21, "y": 0.47, "x": 0.22}, "time": {"start": 1557615949621197, "scale": "microsecond"}, "quaternion": {"w": 0.939208984375, "z": 0.34112548828125, "y": -0.01605224609375, "x": 0.03472900390625}, "distance": {"inches": 81.64, "cm": 207.37}, "euler_angles": {"pitch": -3.0625, "roll": 3.0625, "heading": 320.0625}, "imu_calibration": {"accelerometer": 3, "magnetometer": 3, "gyroscope": 3, "system": 3}}
{"linear_acceleration": {"z": -0.37, "y": 0.75, "x": -0.42}, "time": {"start": 1557615949698351, "scale": "microsecond"}, "quaternion": {"w": 0.941650390625, "z": 0.3331298828125, "y": -0.02923583984375, "x": 0.03857421875}, "distance": {"inches": 81.67, "cm": 207.45}, "euler_angles": {"pitch": -3.0, "roll": 4.625, "heading": 321.0}, "imu_calibration": {"accelerometer": 3, "magnetometer": 3, "gyroscope": 3, "system": 3}}
{"linear_acceleration": {"z": -0.26, "y": 0.22, "x": 1.62}, "time": {"start": 1557615949770943, "scale": "microsecond"}, "quaternion": {"w": 0.9442138671875, "z": 0.3231201171875, "y": -0.0517578125, "x": 0.03680419921875}, "distance": {"inches": 81.12, "cm": 206.03}, "euler_angles": {"pitch": -2.0625, "roll": 6.9375, "heading": 322.1875}, "imu_calibration": {"accelerometer": 3, "magnetometer": 3, "gyroscope": 3, "system": 3}}
{"linear_acceleration": {"z": 1.18, "y": 1.52, "x": 0.33}, "time": {"start": 1557615949846300, "scale": "microsecond"}, "quaternion": {"w": 0.9439697265625, "z": 0.32305908203125, "y": -0.0477294921875, "x": 0.0479736328125}, "distance": {"inches": 80.05, "cm": 203.34}, "euler_angles": {"pitch": -3.4375, "roll": 6.9375, "heading": 322.1875}, "imu_calibration": {"accelerometer": 3, "magnetometer": 3, "gyroscope": 3, "system": 3}}
{"linear_acceleration": {"z": 0.23, "y": 1.56, "x": 0.33}, "time": {"start": 1557615949921538, "scale": "microsecond"}, "quaternion": {"w": 0.9422607421875, "z": 0.32818603515625, "y": -0.0418701171875, "x": 0.0517578125}, "distance": {"inches": 590.58, "cm": 1500.06}, "euler_angles": {"pitch": -4.0, "roll": 6.4375, "heading": 321.5625}, "imu_calibration": {"accelerometer": 3, "magnetometer": 3, "gyroscope": 3, "system": 3}}
{"linear_acceleration": {"z": -0.82, "y": 0.46, "x": 0.34}, "time": {"start": 1557615950072124, "scale": "microsecond"}, "quaternion": {"w": 0.94647216796875, "z": 0.3154296875, "y": -0.04278564453125, "x": 0.05328369140625}, "distance": {"inches": 78.95, "cm": 200.52}, "euler_angles": {"pitch": -4.25, "roll": 6.5625, "heading": 323.125}, "imu_calibration": {"accelerometer": 3, "magnetometer": 3, "gyroscope": 3, "system": 3}}
{"linear_acceleration": {"z": 0.98, "y": 0.74, "x": 0.23}, "time": {"start": 1557615950147030, "scale": "microsecond"}, "quaternion": {"w": 0.94683837890625, "z": 0.31048583984375, "y": -0.05010986328125, "x": 0.0679931640625}, "distance": {"inches": 79.17, "cm": 201.09}, "euler_angles": {"pitch": -5.625, "roll": 7.875, "heading": 323.6875}, "imu_calibration": {"accelerometer": 3, "magnetometer": 3, "gyroscope": 3, "system": 3}}
{"linear_acceleration": {"z": 0.36, "y": -0.69, "x": 0.11}, "time": {"start": 1557615950222937, "scale": "microsecond"}, "quaternion": {"w": 0.94866943359375, "z": 0.3056640625, "y": -0.05706787109375, "x": 0.0572509765625}, "distance": {"inches": 79.69, "cm": 202.4}, "euler_angles": {"pitch": -4.25, "roll": 8.3125, "heading": 324.25}, "imu_calibration": {"accelerometer": 3, "magnetometer": 3, "gyroscope": 3, "system": 3}}
{"linear_acceleration": {"z": -0.92, "y": 0.35, "x": -0.25}, "time": {"start": 1557615950298945, "scale": "microsecond"}, "quaternion": {"w": 0.9486083984375, "z": 0.3046875, "y": -0.06341552734375, "x": 0.0572509765625}, "distance": {"inches": 79.19, "cm": 201.13}, "euler_angles": {"pitch": -4.0625, "roll": 8.875, "heading": 324.375}, "imu_calibration": {"accelerometer": 3, "magnetometer": 3, "gyroscope": 3, "system": 3}}
{"linear_acceleration": {"z": 1.39, "y": 0.41, "x": -0.9}, "time": {"start": 1557615950370788, "scale": "microsecond"}, "quaternion": {"w": 0.9478759765625, "z": 0.3040771484375, "y": -0.07470703125, "x": 0.059326171875}, "distance": {"inches": 90.75, "cm": 230.49}, "euler_angles": {"pitch": -3.875, "roll": 10.1875, "heading": 324.375}, "imu_calibration": {"accelerometer": 3, "magnetometer": 3, "gyroscope": 3, "system": 3}}
{"linear_acceleration": {"z": 0.0, "y": -0.24, "x": 0.17}, "time": {"start": 1557615950448088, "scale": "microsecond"}, "quaternion": {"w": 0.94677734375, "z": 0.30615234375, "y": -0.08319091796875, "x": 0.054931640625}, "distance": {"inches": 91.26, "cm": 231.79}, "euler_angles": {"pitch": -3.0625, "roll": 11.0, "heading": 324.125}, "imu_calibration": {"accelerometer": 3, "magnetometer": 3, "gyroscope": 3, "system": 3}}
{"linear_acceleration": {"z": -0.26, "y": 0.69, "x": -0.55}, "time": {"start": 1557615950523097, "scale": "microsecond"}, "quaternion": {"w": 0.94970703125, "z": 0.29669189453125, "y": -0.07220458984375, "x": 0.06927490234375}, "distance": {"inches": 78.54, "cm": 199.49}, "euler_angles": {"pitch": -5.125, "roll": 10.25, "heading": 325.25}, "imu_calibration": {"accelerometer": 3, "magnetometer": 3, "gyroscope": 3, "system": 3}}
{"linear_acceleration": {"z": -0.8, "y": -0.44, "x": 0.22}, "time": {"start": 1557615950596518, "scale": "microsecond"}, "quaternion": {"w": 0.955810546875, "z": 0.27655029296875, "y": -0.07171630859375, "x": 0.06951904296875}, "distance": {"inches": 78.29, "cm": 198.87}, "euler_angles": {"pitch": -5.4375, "roll": 10.1875, "heading": 327.375}, "imu_calibration": {"accelerometer": 3, "magnetometer": 3, "gyroscope": 3, "system": 3}}
{"linear_acceleration": {"z": 0.69, "y": 0.31, "x": -0.52}, "time": {"start": 1557615950668558, "scale": "microsecond"}, "quaternion": {"w": 0.9588623046875, "z": 0.26605224609375, "y": -0.06011962890625, "x": 0.07843017578125}, "distance": {"inches": 77.81, "cm": 197.63}, "euler_angles": {"pitch": -6.875, "roll": 9.0, "heading": 328.9375}, "imu_calibration": {"accelerometer": 3, "magnetometer": 3, "gyroscope": 3, "system": 3}}
{"linear_acceleration": {"z": 0.27, "y": -0.06, "x": -0.25}, "time": {"start": 1557615950747467, "scale": "microsecond"}, "quaternion": {"w": 0.96173095703125, "z": 0.257568359375, "y": -0.0499267578125, "x": 0.07904052734375}, "distance": {"inches": 77.61, "cm": 197.12}, "euler_angles": {"pitch": -7.1875, "roll": 7.8125, "heading": 329.6875}, "imu_calibration": {"accelerometer": 3, "magnetometer": 3, "gyroscope": 3, "system": 3}}
{"linear_acceleration": {"z": -0.19, "y": -0.09, "x": -0.04}, "time": {"start": 1557615950820513, "scale": "microsecond"}, "quaternion": {"w": 0.9661865234375, "z": 0.2412109375, "y": -0.05340576171875, "x": 0.07391357421875}, "distance": {"inches": 76.88, "cm": 195.27}, "euler_angles": {"pitch": -6.75, "roll": 7.9375, "heading": 331.9375}, "imu_calibration": {"accelerometer": 3, "magnetometer": 3, "gyroscope": 3, "system": 3}}
{"linear_acceleration": {"z": 0.02, "y": 0.41, "x": -0.8}, "time": {"start": 1557615950899879, "scale": "microsecond"}, "quaternion": {"w": 0.9698486328125, "z": 0.23052978515625, "y": -0.04296875, "x": 0.066162109375}, "distance": {"inches": 76.26, "cm": 193.71}, "euler_angles": {"pitch": -6.25, "roll": 6.5, "heading": 333.25}, "imu_calibration": {"accelerometer": 3, "magnetometer": 3, "gyroscope": 3, "system": 3}}
{"linear_acceleration": {"z": -0.91, "y": 0.11, "x": -0.18}, "time": {"start": 1557615950973795, "scale": "microsecond"}, "quaternion": {"w": 0.97540283203125, "z": 0.20849609375, "y": -0.04705810546875, "x": 0.05413818359375}, "distance": {"inches": 76.02, "cm": 193.1}, "euler_angles": {"pitch": -4.9375, "roll": 6.5625, "heading": 335.8125}, "imu_calibration": {"accelerometer": 3, "magnetometer": 3, "gyroscope": 3, "system": 3}}
{"linear_acceleration": {"z": 0.19, "y": 0.35, "x": -0.06}, "time": {"start": 1557615951048903, "scale": "microsecond"}, "quaternion": {"w": 0.9801025390625, "z": 0.1842041015625, "y": -0.04974365234375, "x": 0.05499267578125}, "distance": {"inches": 75.4, "cm": 191.51}, "euler_angles": {"pitch": -5.1875, "roll": 6.625, "heading": 338.375}, "imu_calibration": {"accelerometer": 3, "magnetometer": 3, "gyroscope": 3, "system": 3}}
{"linear_acceleration": {"z": 0.17, "y": 0.3, "x": 0.31}, "time": {"start": 1557615951122390, "scale": "microsecond"}, "quaternion": {"w": 0.9835205078125, "z": 0.162353515625, "y": -0.0552978515625, "x": 0.05706787109375}, "distance": {"inches": 75.47, "cm": 191.69}, "euler_angles": {"pitch": -5.4375, "roll": 7.3125, "heading": 341.25}, "imu_calibration": {"accelerometer": 3, "magnetometer": 3, "gyroscope": 3, "system": 3}}
{"linear_acceleration": {"z": 0.38, "y": -0.11, "x": 0.5}, "time": {"start": 1557615951199235, "scale": "microsecond"}, "quaternion": {"w": 0.98699951171875, "z": 0.13702392578125, "y": -0.068359375, "x": 0.0487060546875}, "distance": {"inches": 74.87, "cm": 190.18}, "euler_angles": {"pitch": -4.8125, "roll": 8.25, "heading": 343.875}, "imu_calibration": {"accelerometer": 3, "magnetometer": 3, "gyroscope": 3, "system": 3}}
{"linear_acceleration": {"z": -0.68, "y": -0.54, "x": -0.56}, "time": {"start": 1557615951272774, "scale": "microsecond"}, "quaternion": {"w": 0.98919677734375, "z": 0.12445068359375, "y": -0.06634521484375, "x": 0.0391845703125}, "distance": {"inches": 69.87, "cm": 177.47}, "euler_angles": {"pitch": -3.5, "roll": 8.0625, "heading": 345.625}, "imu_calibration": {"accelerometer": 3, "magnetometer": 3, "gyroscope": 3, "system": 3}}
{"linear_acceleration": {"z": -0.33, "y": -0.14, "x": 0.09}, "time": {"start": 1557615951344697, "scale": "microsecond"}, "quaternion": {"w": 0.992431640625, "z": 0.096435546875, "y": -0.06890869140625, "x": 0.03216552734375}, "distance": {"inches": 68.85, "cm": 174.89}, "euler_angles": {"pitch": -2.875, "roll": 8.1875, "heading": 348.875}, "imu_calibration": {"accelerometer": 3, "magnetometer": 3, "gyroscope": 3, "system": 3}}
{"linear_acceleration": {"z": 0.65, "y": 1.05, "x": -0.11}, "time": {"start": 1557615951414549, "scale": "microsecond"}, "quaternion": {"w": 0.99249267578125, "z": 0.09295654296875, "y": -0.06927490234375, "x": 0.03863525390625}, "distance": {"inches": 68.94, "cm": 175.11}, "euler_angles": {"pitch": -3.5625, "roll": 8.5, "heading": 349.0625}, "imu_calibration": {"accelerometer": 3, "magnetometer": 3, "gyroscope": 3, "system": 3}}
{"linear_acceleration": {"z": -1.47, "y": -1.29, "x": 0.27}, "time": {"start": 1557615951491876, "scale": "microsecond"}, "quaternion": {"w": 0.99310302734375, "z": 0.09039306640625, "y": -0.06439208984375, "x": 0.038330078125}, "distance": {"inches": 69.03, "cm": 175.32}, "euler_angles": {"pitch": -3.6875, "roll": 7.75, "heading": 349.5625}, "imu_calibration": {"accelerometer": 3, "magnetometer": 3, "gyroscope": 3, "system": 3}}
{"linear_acceleration": {"z": 0.62, "y": 0.28, "x": 0.36}, "time": {"start": 1557615951564557, "scale": "microsecond"}, "quaternion": {"w": 0.99212646484375, "z": 0.09674072265625, "y": -0.07305908203125, "x": 0.031494140625}, "distance": {"inches": 68.53, "cm": 174.08}, "euler_angles": {"pitch": -3.0625, "roll": 8.8125, "heading": 348.625}, "imu_calibration": {"accelerometer": 3, "magnetometer": 3, "gyroscope": 3, "system": 3}}
{"linear_acceleration": {"z": 0.31, "y": 0.34, "x": 0.84}, "time": {"start": 1557615951641808, "scale": "microsecond"}, "quaternion": {"w": 0.9931640625, "z": 0.09466552734375, "y": -0.06390380859375, "x": 0.02398681640625}, "distance": {"inches": 67.91, "cm": 172.49}, "euler_angles": {"pitch": -2.0, "roll": 7.5, "heading": 349.0625}, "imu_calibration": {"accelerometer": 3, "magnetometer": 3, "gyroscope": 3, "system": 3}}
{"linear_acceleration": {"z": -0.75, "y": 0.16, "x": -1.09}, "time": {"start": 1557615951715422, "scale": "microsecond"}, "quaternion": {"w": 0.9949951171875, "z": 0.0867919921875, "y": -0.04852294921875, "x": 0.01263427734375}, "distance": {"inches": 67.42, "cm": 171.26}, "euler_angles": {"pitch": -1.125, "roll": 5.6875, "heading": 349.9375}, "imu_calibration": {"accelerometer": 3, "magnetometer": 3, "gyroscope": 3, "system": 3}}
{"linear_acceleration": {"z": 0.44, "y": 0.17, "x": 0.49}, "time": {"start": 1557615951791777, "scale": "microsecond"}, "quaternion": {"w": 0.99530029296875, "z": 0.0782470703125, "y": -0.05523681640625, "x": 0.0123291015625}, "distance": {"inches": 51.4, "cm": 130.55}, "euler_angles": {"pitch": -0.875, "roll": 6.375, "heading": 351.0}, "imu_calibration": {"accelerometer": 3, "magnetometer": 3, "gyroscope": 3, "system": 3}}
{"linear_acceleration": {"z": -0.14, "y": -0.38, "x": -0.53}, "time": {"start": 1557615951862908, "scale": "microsecond"}, "quaternion": {"w": 0.99578857421875, "z": 0.0604248046875, "y": -0.06878662109375, "x": 0.00335693359375}, "distance": {"inches": 66.06, "cm": 167.8}, "euler_angles": {"pitch": 0.125, "roll": 7.625, "heading": 352.375}, "imu_calibration": {"accelerometer": 3, "magnetometer": 3, "gyroscope": 3, "system": 3}}
{"linear_acceleration": {"z": -0.76, "y": 0.85, "x": 0.7}, "time": {"start": 1557615951941851, "scale": "microsecond"}, "quaternion": {"w": 0.99566650390625, "z": 0.04815673828125, "y": -0.07928466796875, "x": 0.00439453125}, "distance": {"inches": 66.39, "cm": 168.62}, "euler_angles": {"pitch": -0.125, "roll": 9.125, "heading": 354.5}, "imu_calibration": {"accelerometer": 3, "magnetometer": 3, "gyroscope": 3, "system": 3}}
{"linear_acceleration": {"z": 0.49, "y": -0.17, "x": 0.0}, "time": {"start": 1557615952013453, "scale": "microsecond"}, "quaternion": {"w": 0.996826171875, "z": 0.03753662109375, "y": -0.0703125, "x": 0.0040283203125}, "distance": {"inches": 30.73, "cm": 78.06}, "euler_angles": {"pitch": -0.0625, "roll": 8.0625, "heading": 355.0625}, "imu_calibration": {"accelerometer": 3, "magnetometer": 3, "gyroscope": 3, "system": 2}}
{"linear_acceleration": {"z": -0.43, "y": -0.14, "x": 0.01}, "time": {"start": 1557615952086702, "scale": "microsecond"}, "quaternion": {"w": 0.99676513671875, "z": 0.03564453125, "y": -0.0723876953125, "x": 0.00054931640625}, "distance": {"inches": 65.6, "cm": 166.63}, "euler_angles": {"pitch": 0.1875, "roll": 8.25, "heading": 355.875}, "imu_calibration": {"accelerometer": 3, "magnetometer": 3, "gyroscope": 3, "system": 2}}
{"linear_acceleration": {"z": -0.25, "y": -0.01, "x": -0.64}, "time": {"start": 1557615952156087, "scale": "microsecond"}, "quaternion": {"w": 0.9971923828125, "z": 0.02850341796875, "y": -0.06890869140625, "x": 0.00079345703125}, "distance": {"inches": 71.78, "cm": 182.32}, "euler_angles": {"pitch": 0.125, "roll": 7.875, "heading": 356.6875}, "imu_calibration": {"accelerometer": 3, "magnetometer": 3, "gyroscope": 3, "system": 2}}
{"linear_acceleration": {"z": 0.08, "y": 0.47, "x": -0.23}, "time": {"start": 1557615952226693, "scale": "microsecond"}, "quaternion": {"w": 0.9979248046875, "z": 0.01495361328125, "y": -0.06280517578125, "x": 0.00189208984375}, "distance": {"inches": 58.3, "cm": 148.09}, "euler_angles": {"pitch": -0.0625, "roll": 7.1875, "heading": 358.25}, "imu_calibration": {"accelerometer": 3, "magnetometer": 3, "gyroscope": 3, "system": 2}}
{"linear_acceleration": {"z": 0.04, "y": 0.26, "x": -0.46}, "time": {"start": 1557615952299649, "scale": "microsecond"}, "quaternion": {"w": 0.99871826171875, "z": 0.00775146484375, "y": -0.049560546875, "x": -0.00225830078125}, "distance": {"inches": 45.48, "cm": 115.53}, "euler_angles": {"pitch": 0.25, "roll": 5.8125, "heading": 359.0}, "imu_calibration": {"accelerometer": 3, "magnetometer": 3, "gyroscope": 3, "system": 2}}
{"linear_acceleration": {"z": -0.32, "y": 0.78, "x": 0.56}, "time": {"start": 1557615952370561, "scale": "microsecond"}, "quaternion": {"w": 0.9990234375, "z": 0.00567626953125, "y": -0.0439453125, "x": -0.00628662109375}, "distance": {"inches": 70.26, "cm": 178.47}, "euler_angles": {"pitch": 0.6875, "roll": 5.125, "heading": 359.25}, "imu_calibration": {"accelerometer": 3, "magnetometer": 3, "gyroscope": 3, "system": 2}}
{"linear_acceleration": {"z": -0.25, "y": 0.71, "x": 0.38}, "time": {"start": 1557615952443957, "scale": "microsecond"}, "quaternion": {"w": 0.99920654296875, "z": 0.00274658203125, "y": -0.0389404296875, "x": -0.0078125}, "distance": {"inches": 69.71, "cm": 177.06}, "euler_angles": {"pitch": 0.875, "roll": 4.4375, "heading": 359.625}, "imu_calibration": {"accelerometer": 3, "magnetometer": 3, "gyroscope": 3, "system": 2}}
{"linear_acceleration": {"z": 0.31, "y": 0.69, "x": 0.11}, "time": {"start": 1557615952522968, "scale": "microsecond"}, "quaternion": {"w": 0.99932861328125, "z": 0.01141357421875, "y": -0.03228759765625, "x": -0.011474609375}, "distance": {"inches": 30.05, "cm": 76.32}, "euler_angles": {"pitch": 1.25, "roll": 3.75, "heading": 358.875}, "imu_calibration": {"accelerometer": 3, "magnetometer": 3, "gyroscope": 3, "system": 2}}
{"linear_acceleration": {"z": -0.96, "y": 0.47, "x": -0.02}, "time": {"start": 1557615952591657, "scale": "microsecond"}, "quaternion": {"w": 0.9991455078125, "z": 0.0242919921875, "y": -0.02984619140625, "x": -0.015625}, "distance": {"inches": 64.63, "cm": 164.16}, "euler_angles": {"pitch": 1.9375, "roll": 3.375, "heading": 357.3125}, "imu_calibration": {"accelerometer": 3, "magnetometer": 3, "gyroscope": 3, "system": 2}}
{"linear_acceleration": {"z": 0.43, "y": 0.51, "x": -0.08}, "time": {"start": 1557615952663778, "scale": "microsecond"}, "quaternion": {"w": 0.99908447265625, "z": 0.03582763671875, "y": -0.0203857421875, "x": -0.011962890625}, "distance": {"inches": 69.67, "cm": 176.96}, "euler_angles": {"pitch": 1.4375, "roll": 2.5, "heading": 356.1875}, "imu_calibration": {"accelerometer": 3, "magnetometer": 3, "gyroscope": 3, "system": 3}}
{"linear_acceleration": {"z": 0.06, "y": 0.12, "x": -0.43}, "time": {"start": 1557615952746671, "scale": "microsecond"}, "quaternion": {"w": 0.99798583984375, "z": 0.0616455078125, "y": -0.01141357421875, "x": -0.01104736328125}, "distance": {"inches": 69.79, "cm": 177.27}, "euler_angles": {"pitch": 1.3125, "roll": 1.1875, "heading": 352.875}, "imu_calibration": {"accelerometer": 3, "magnetometer": 3, "gyroscope": 3, "system": 3}}
{"linear_acceleration": {"z": -0.34, "y": 0.03, "x": -0.56}, "time": {"start": 1557615952818293, "scale": "microsecond"}, "quaternion": {"w": 0.9962158203125, "z": 0.0850830078125, "y": -0.014404296875, "x": -0.01007080078125}, "distance": {"inches": 69.94, "cm": 177.64}, "euler_angles": {"pitch": 1.375, "roll": 1.5, "heading": 350.375}, "imu_calibration": {"accelerometer": 3, "magnetometer": 3, "gyroscope": 3, "system": 3}}
{"linear_acceleration": {"z": 0.29, "y": 0.15, "x": -0.31}, "time": {"start": 1557615952904093, "scale": "microsecond"}, "quaternion": {"w": 0.9954833984375, "z": 0.09442138671875, "y": -0.01031494140625, "x": -0.00323486328125}, "distance": {"inches": 69.31, "cm": 176.05}, "euler_angles": {"pitch": 0.5625, "roll": 1.1875, "heading": 349.125}, "imu_calibration": {"accelerometer": 3, "magnetometer": 3, "gyroscope": 3, "system": 3}}
{"linear_acceleration": {"z": 0.08, "y": 0.75, "x": 0.06}, "time": {"start": 1557615952977437, "scale": "microsecond"}, "quaternion": {"w": 0.99578857421875, "z": 0.09149169921875, "y": -0.0093994140625, "x": -0.00244140625}, "distance": {"inches": 23.8, "cm": 60.45}, "euler_angles": {"pitch": 0.375, "roll": 1.0, "heading": 349.5}, "imu_calibration": {"accelerometer": 3, "magnetometer": 3, "gyroscope": 3, "system": 3}}
{"linear_acceleration": {"z": -0.32, "y": 0.16, "x": -0.17}, "time": {"start": 1557615953042930, "scale": "microsecond"}, "quaternion": {"w": 0.9957275390625, "z": 0.09173583984375, "y": -0.01025390625, "x": -0.00469970703125}, "distance": {"inches": 69.18, "cm": 175.73}, "euler_angles": {"pitch": 0.625, "roll": 1.0625, "heading": 349.375}, "imu_calibration": {"accelerometer": 3, "magnetometer": 3, "gyroscope": 3, "system": 3}}
{"linear_acceleration": {"z": -0.23, "y": 0.06, "x": -0.51}, "time": {"start": 1557615953115661, "scale": "microsecond"}, "quaternion": {"w": 0.9964599609375, "z": 0.0830078125, "y": -0.0072021484375, "x": -0.00830078125}, "distance": {"inches": 69.46, "cm": 176.43}, "euler_angles": {"pitch": 0.9375, "roll": 0.8125, "heading": 350.25}, "imu_calibration": {"accelerometer": 3, "magnetometer": 3, "gyroscope": 3, "system": 3}}
{"linear_acceleration": {"z": 0.38, "y": -0.47, "x": 0.15}, "time": {"start": 1557615953196658, "scale": "microsecond"}, "quaternion": {"w": 0.9970703125, "z": 0.07574462890625, "y": 0.0001220703125, "x": -0.01263427734375}, "distance": {"inches": 69.55, "cm": 176.64}, "euler_angles": {"pitch": 1.4375, "roll": -0.0625, "heading": 351.25}, "imu_calibration": {"accelerometer": 3, "magnetometer": 3, "gyroscope": 3, "system": 3}}
{"linear_acceleration": {"z": 0.06, "y": 0.84, "x": -0.06}, "time": {"start": 1557615953269501, "scale": "microsecond"}, "quaternion": {"w": 0.99755859375, "z": 0.065673828125, "y": 0.0111083984375, "x": -0.0203857421875}, "distance": {"inches": 69.74, "cm": 177.14}, "euler_angles": {"pitch": 2.125, "roll": -1.3125, "heading": 352.25}, "imu_calibration": {"accelerometer": 3, "magnetometer": 3, "gyroscope": 3, "system": 3}}
{"linear_acceleration": {"z": -0.15, "y": 0.49, "x": 0.08}, "time": {"start": 1557615953346884, "scale": "microsecond"}, "quaternion": {"w": 0.99761962890625, "z": 0.060791015625, "y": 0.01544189453125, "x": -0.028564453125}, "distance": {"inches": 35.84, "cm": 91.03}, "euler_angles": {"pitch": 3.125, "roll": -1.9375, "heading": 353.0}, "imu_calibration": {"accelerometer": 3, "magnetometer": 3, "gyroscope": 3, "system": 3}}
{"linear_acceleration": {"z": 0.15, "y": -0.03, "x": 0.43}, "time": {"start": 1557615953414976, "scale": "microsecond"}, "quaternion": {"w": 0.99737548828125, "z": 0.065185546875, "y": 0.01446533203125, "x": -0.0269775390625}, "distance": {"inches": 68.45, "cm": 173.85}, "euler_angles": {"pitch": 3.125, "roll": -1.875, "heading": 352.5}, "imu_calibration": {"accelerometer": 3, "magnetometer": 3, "gyroscope": 3, "system": 3}}
{"linear_acceleration": {"z": -0.11, "y": 0.49, "x": 0.2}, "time": {"start": 1557615953494825, "scale": "microsecond"}, "quaternion": {"w": 0.9974365234375, "z": 0.06683349609375, "y": 0.01104736328125, "x": -0.0225830078125}, "distance": {"inches": 39.83, "cm": 101.16}, "euler_angles": {"pitch": 2.4375, "roll": -1.5, "heading": 352.3125}, "imu_calibration": {"accelerometer": 3, "magnetometer": 3, "gyroscope": 3, "system": 3}}
{"linear_acceleration": {"z": 0.0, "y": 0.28, "x": 0.0}, "time": {"start": 1557615953565482, "scale": "microsecond"}, "quaternion": {"w": 0.99761962890625, "z": 0.06451416015625, "y": 0.00616455078125, "x": -0.02386474609375}, "distance": {"inches": 68.18, "cm": 173.16}, "euler_angles": {"pitch": 2.6875, "roll": -0.875, "heading": 352.5625}, "imu_calibration": {"accelerometer": 3, "magnetometer": 3, "gyroscope": 3, "system": 3}}
{"linear_acceleration": {"z": 0.16, "y": 0.05, "x": -0.07}, "time": {"start": 1557615953645183, "scale": "microsecond"}, "quaternion": {"w": 0.997802734375, "z": 0.06298828125, "y": 0.00341796875, "x": -0.02093505859375}, "distance": {"inches": 33.05, "cm": 83.96}, "euler_angles": {"pitch": 2.375, "roll": -0.5625, "heading": 352.6875}, "imu_calibration": {"accelerometer": 3, "magnetometer": 3, "gyroscope": 3, "system": 3}}
{"linear_acceleration": {"z": 0.3, "y": 0.1, "x": -0.06}, "time": {"start": 1557615953714653, "scale": "microsecond"}, "quaternion": {"w": 0.9981689453125, "z": 0.059814453125, "y": 0.00421142578125, "x": -0.00921630859375}, "distance": {"inches": 69.33, "cm": 176.11}, "euler_angles": {"pitch": 1.125, "roll": -0.5, "heading": 353.0625}, "imu_calibration": {"accelerometer": 3, "magnetometer": 3, "gyroscope": 3, "system": 3}}
{"linear_acceleration": {"z": -0.14, "y": 0.05, "x": -0.12}, "time": {"start": 1557615953792092, "scale": "microsecond"}, "quaternion": {"w": 0.99835205078125, "z": 0.05694580078125, "y": 0.004150390625, "x": -0.0084228515625}, "distance": {"inches": 68.51, "cm": 174.02}, "euler_angles": {"pitch": 0.875, "roll": -0.5, "heading": 353.4375}, "imu_calibration": {"accelerometer": 3, "magnetometer": 3, "gyroscope": 3, "system": 3}}
{"linear_acceleration": {"z": 0.01, "y": 0.08, "x": -0.1}, "time": {"start": 1557615953865563, "scale": "microsecond"}, "quaternion": {"w": 0.99835205078125, "z": 0.05645751953125, "y": 0.00433349609375, "x": -0.00823974609375}, "distance": {"inches": 68.02, "cm": 172.77}, "euler_angles": {"pitch": 0.875, "roll": -0.5, "heading": 353.5}, "imu_calibration": {"accelerometer": 3, "magnetometer": 3, "gyroscope": 3, "system": 3}}
{"linear_acceleration": {"z": -0.03, "y": 0.09, "x": -0.1}, "time": {"start": 1557615953946308, "scale": "microsecond"}, "quaternion": {"w": 0.9984130859375, "z": 0.05511474609375, "y": 0.00457763671875, "x": -0.008056640625}, "distance": {"inches": 39.02, "cm": 99.12}, "euler_angles": {"pitch": 0.875, "roll": -0.5625, "heading": 353.625}, "imu_calibration": {"accelerometer": 3, "magnetometer": 3, "gyroscope": 3, "system": 3}}
{"linear_acceleration": {"z": -0.01, "y": 0.08, "x": -0.1}, "time": {"start": 1557615954016897, "scale": "microsecond"}, "quaternion": {"w": 0.9984130859375, "z": 0.05535888671875, "y": 0.0047607421875, "x": -0.0079345703125}, "distance": {"inches": 68.2, "cm": 173.23}, "euler_angles": {"pitch": 0.875, "roll": -0.5625, "heading": 353.6875}, "imu_calibration": {"accelerometer": 3, "magnetometer": 3, "gyroscope": 3, "system": 3}}
{"linear_acceleration": {"z": -0.04, "y": 0.07, "x": -0.09}, "time": {"start": 1557615954098611, "scale": "microsecond"}, "quaternion": {"w": 0.9984130859375, "z": 0.05535888671875, "y": 0.00494384765625, "x": -0.00775146484375}, "distance": {"inches": 68.53, "cm": 174.06}, "euler_angles": {"pitch": 0.8125, "roll": -0.5625, "heading": 353.625}, "imu_calibration": {"accelerometer": 3, "magnetometer": 3, "gyroscope": 3, "system": 3}}
{"linear_acceleration": {"z": -0.01, "y": 0.07, "x": -0.08}, "time": {"start": 1557615954177668, "scale": "microsecond"}, "quaternion": {"w": 0.9984130859375, "z": 0.0552978515625, "y": 0.005126953125, "x": -0.00762939453125}, "distance": {"inches": 68.5, "cm": 173.98}, "euler_angles": {"pitch": 0.8125, "roll": -0.625, "heading": 353.625}, "imu_calibration": {"accelerometer": 3, "magnetometer": 3, "gyroscope": 3, "system": 3}}
{"linear_acceleration": {"z": -0.05, "y": 0.08, "x": -0.08}, "time": {"start": 1557615954250786, "scale": "microsecond"}, "quaternion": {"w": 0.99847412109375, "z": 0.0548095703125, "y": 0.0052490234375, "x": -0.00750732421875}, "distance": {"inches": 32.62, "cm": 82.86}, "euler_angles": {"pitch": 0.8125, "roll": -0.625, "heading": 353.6875}, "imu_calibration": {"accelerometer": 3, "magnetometer": 3, "gyroscope": 3, "system": 3}}
{"linear_acceleration": {"z": -0.01, "y": 0.08, "x": -0.07}, "time": {"start": 1557615954317718, "scale": "microsecond"}, "quaternion": {"w": 0.99847412109375, "z": 0.0543212890625, "y": 0.00543212890625, "x": -0.00732421875}, "distance": {"inches": 68.55, "cm": 174.11}, "euler_angles": {"pitch": 0.75, "roll": -0.625, "heading": 353.6875}, "imu_calibration": {"accelerometer": 3, "magnetometer": 3, "gyroscope": 3, "system": 3}}
{"linear_acceleration": {"z": 0.02, "y": 0.08, "x": -0.07}, "time": {"start": 1557615954399618, "scale": "microsecond"}, "quaternion": {"w": 0.99847412109375, "z": 0.05419921875, "y": 0.00555419921875, "x": -0.0072021484375}, "distance": {"inches": 68.39, "cm": 173.7}, "euler_angles": {"pitch": 0.75, "roll": -0.625, "heading": 353.75}, "imu_calibration": {"accelerometer": 3, "magnetometer": 3, "gyroscope": 3, "system": 3}}
{"linear_acceleration": {"z": -0.01, "y": 0.08, "x": -0.1}, "time": {"start": 1557615954479202, "scale": "microsecond"}, "quaternion": {"w": 0.99853515625, "z": 0.05328369140625, "y": 0.00567626953125, "x": -0.00714111328125}, "distance": {"inches": 68.18, "cm": 173.18}, "euler_angles": {"pitch": 0.75, "roll": -0.6875, "heading": 353.875}, "imu_calibration": {"accelerometer": 3, "magnetometer": 3, "gyroscope": 3, "system": 3}}
{"linear_acceleration": {"z": -0.06, "y": 0.1, "x": -0.07}, "time": {"start": 1557615954553552, "scale": "microsecond"}, "quaternion": {"w": 0.99853515625, "z": 0.053466796875, "y": 0.00579833984375, "x": -0.00701904296875}, "distance": {"inches": 29.28, "cm": 74.36}, "euler_angles": {"pitch": 0.75, "roll": -0.6875, "heading": 353.8125}, "imu_calibration": {"accelerometer": 3, "magnetometer": 3, "gyroscope": 3, "system": 3}}
{"linear_acceleration": {"z": -0.02, "y": 0.06, "x": -0.05}, "time": {"start": 1557615954622700, "scale": "microsecond"}, "quaternion": {"w": 0.99859619140625, "z": 0.05224609375, "y": 0.00592041015625, "x": -0.0069580078125}, "distance": {"inches": 68.21, "cm": 173.25}, "euler_angles": {"pitch": 0.75, "roll": -0.6875, "heading": 353.8125}, "imu_calibration": {"accelerometer": 3, "magnetometer": 3, "gyroscope": 3, "system": 3}}
{"linear_acceleration": {"z": -0.03, "y": 0.04, "x": -0.06}, "time": {"start": 1557615954702204, "scale": "microsecond"}, "quaternion": {"w": 0.99859619140625, "z": 0.05224609375, "y": 0.00604248046875, "x": -0.0068359375}, "distance": {"inches": 41.71, "cm": 105.94}, "euler_angles": {"pitch": 0.6875, "roll": -0.6875, "heading": 354.0}, "imu_calibration": {"accelerometer": 3, "magnetometer": 3, "gyroscope": 3, "system": 3}}
{"linear_acceleration": {"z": -0.03, "y": 0.07, "x": -0.03}, "time": {"start": 1557615954775171, "scale": "microsecond"}, "quaternion": {"w": 0.99859619140625, "z": 0.0516357421875, "y": 0.006103515625, "x": -0.0067138671875}, "distance": {"inches": 68.36, "cm": 173.63}, "euler_angles": {"pitch": 0.6875, "roll": -0.6875, "heading": 354.0}, "imu_calibration": {"accelerometer": 3, "magnetometer": 3, "gyroscope": 3, "system": 3}}
{"linear_acceleration": {"z": -0.07, "y": 0.07, "x": -0.08}, "time": {"start": 1557615954852910, "scale": "microsecond"}, "quaternion": {"w": 0.9986572265625, "z": 0.0511474609375, "y": 0.00616455078125, "x": -0.0067138671875}, "distance": {"inches": 68.17, "cm": 173.14}, "euler_angles": {"pitch": 0.6875, "roll": -0.6875, "heading": 354.125}, "imu_calibration": {"accelerometer": 3, "magnetometer": 3, "gyroscope": 3, "system": 3}}
{"linear_acceleration": {"z": -0.01, "y": 0.07, "x": -0.07}, "time": {"start": 1557615954924286, "scale": "microsecond"}, "quaternion": {"w": 0.9986572265625, "z": 0.05108642578125, "y": 0.00616455078125, "x": -0.0067138671875}, "distance": {"inches": 68.37, "cm": 173.67}, "euler_angles": {"pitch": 0.6875, "roll": -0.6875, "heading": 354.125}, "imu_calibration": {"accelerometer": 3, "magnetometer": 3, "gyroscope": 3, "system": 3}}
{"linear_acceleration": {"z": -0.03, "y": 0.09, "x": -0.06}, "time": {"start": 1557615955001613, "scale": "microsecond"}, "quaternion": {"w": 0.9986572265625, "z": 0.05108642578125, "y": 0.00616455078125, "x": -0.0067138671875}, "distance": {"inches": 68.18, "cm": 173.16}, "euler_angles": {"pitch": 0.6875, "roll": -0.6875, "heading": 354.125}, "imu_calibration": {"accelerometer": 3, "magnetometer": 3, "gyroscope": 3, "system": 3}}
{"linear_acceleration": {"z": 0.01, "y": 0.09, "x": -0.05}, "time": {"start": 1557615955075293, "scale": "microsecond"}, "quaternion": {"w": 0.9986572265625, "z": 0.05126953125, "y": 0.00616455078125, "x": -0.0067138671875}, "distance": {"inches": 68.36, "cm": 173.64}, "euler_angles": {"pitch": 0.6875, "roll": -0.6875, "heading": 354.125}, "imu_calibration": {"accelerometer": 3, "magnetometer": 3, "gyroscope": 3, "system": 3}}
{"linear_acceleration": {"z": -0.05, "y": 0.05, "x": -0.06}, "time": {"start": 1557615955153558, "scale": "microsecond"}, "quaternion": {"w": 0.9986572265625, "z": 0.05126953125, "y": 0.00616455078125, "x": -0.0067138671875}, "distance": {"inches": 34.7, "cm": 88.14}, "euler_angles": {"pitch": 0.6875, "roll": -0.6875, "heading": 354.0625}, "imu_calibration": {"accelerometer": 3, "magnetometer": 3, "gyroscope": 3, "system": 3}}
{"linear_acceleration": {"z": 0.0, "y": 0.06, "x": -0.09}, "time": {"start": 1557615955221168, "scale": "microsecond"}, "quaternion": {"w": 0.9986572265625, "z": 0.05120849609375, "y": 0.00616455078125, "x": -0.0067138671875}, "distance": {"inches": 68.36, "cm": 173.62}, "euler_angles": {"pitch": 0.6875, "roll": -0.6875, "heading": 354.125}, "imu_calibration": {"accelerometer": 3, "magnetometer": 3, "gyroscope": 3, "system": 3}}
{"linear_acceleration": {"z": -0.01, "y": 0.06, "x": -0.08}, "time": {"start": 1557615955299967, "scale": "microsecond"}, "quaternion": {"w": 0.9986572265625, "z": 0.0511474609375, "y": 0.00616455078125, "x": -0.0067138671875}, "distance": {"inches": 54.68, "cm": 138.89}, "euler_angles": {"pitch": 0.6875, "roll": -0.6875, "heading": 354.125}, "imu_calibration": {"accelerometer": 3, "magnetometer": 3, "gyroscope": 3, "system": 3}}
{"linear_acceleration": {"z": -0.01, "y": 0.07, "x": -0.07}, "time": {"start": 1557615955371953, "scale": "microsecond"}, "quaternion": {"w": 0.9986572265625, "z": 0.0511474609375, "y": 0.00616455078125, "x": -0.0067138671875}, "distance": {"inches": 68.18, "cm": 173.18}, "euler_angles": {"pitch": 0.6875, "roll": -0.6875, "heading": 354.125}, "imu_calibration": {"accelerometer": 3, "magnetometer": 3, "gyroscope": 3, "system": 3}}
{"linear_acceleration": {"z": -0.02, "y": 0.07, "x": -0.08}, "time": {"start": 1557615955452247, "scale": "microsecond"}, "quaternion": {"w": 0.9986572265625, "z": 0.0511474609375, "y": 0.00616455078125, "x": -0.0067138671875}, "distance": {"inches": 56.34, "cm": 143.1}, "euler_angles": {"pitch": 0.6875, "roll": -0.6875, "heading": 354.125}, "imu_calibration": {"accelerometer": 3, "magnetometer": 3, "gyroscope": 3, "system": 3}}
{"linear_acceleration": {"z": -0.03, "y": 0.07, "x": -0.05}, "time": {"start": 1557615955528777, "scale": "microsecond"}, "quaternion": {"w": 0.9986572265625, "z": 0.0511474609375, "y": 0.00616455078125, "x": -0.0067138671875}, "distance": {"inches": 68.2, "cm": 173.22}, "euler_angles": {"pitch": 0.6875, "roll": -0.6875, "heading": 354.125}, "imu_calibration": {"accelerometer": 3, "magnetometer": 3, "gyroscope": 3, "system": 3}}
{"linear_acceleration": {"z": -0.05, "y": 0.07, "x": -0.06}, "time": {"start": 1557615955602882, "scale": "microsecond"}, "quaternion": {"w": 0.9986572265625, "z": 0.0511474609375, "y": 0.00616455078125, "x": -0.0067138671875}, "distance": {"inches": 36.18, "cm": 91.91}, "euler_angles": {"pitch": 0.6875, "roll": -0.6875, "heading": 354.125}, "imu_calibration": {"accelerometer": 3, "magnetometer": 3, "gyroscope": 3, "system": 3}}
{"linear_acceleration": {"z": -0.04, "y": 0.06, "x": -0.06}, "time": {"start": 1557615955672199, "scale": "microsecond"}, "quaternion": {"w": 0.9986572265625, "z": 0.0511474609375, "y": 0.00616455078125, "x": -0.0067138671875}, "distance": {"inches": 68.0, "cm": 172.72}, "euler_angles": {"pitch": 0.6875, "roll": -0.6875, "heading": 354.125}, "imu_calibration": {"accelerometer": 3, "magnetometer": 3, "gyroscope": 3, "system": 3}}
{"linear_acceleration": {"z": -0.03, "y": 0.07, "x": -0.07}, "time": {"start": 1557615955751281, "scale": "microsecond"}, "quaternion": {"w": 0.9986572265625, "z": 0.0511474609375, "y": 0.00616455078125, "x": -0.0067138671875}, "distance": {"inches": 68.49, "cm": 173.97}, "euler_angles": {"pitch": 0.6875, "roll": -0.6875, "heading": 354.125}, "imu_calibration": {"accelerometer": 3, "magnetometer": 3, "gyroscope": 3, "system": 3}}
{"linear_acceleration": {"z": -0.03, "y": 0.07, "x": -0.05}, "time": {"start": 1557615955825612, "scale": "microsecond"}, "quaternion": {"w": 0.9986572265625, "z": 0.0511474609375, "y": 0.00616455078125, "x": -0.0067138671875}, "distance": {"inches": 68.36, "cm": 173.63}, "euler_angles": {"pitch": 0.6875, "roll": -0.6875, "heading": 354.125}, "imu_calibration": {"accelerometer": 3, "magnetometer": 3, "gyroscope": 3, "system": 3}}
{"linear_acceleration": {"z": -0.04, "y": 0.05, "x": -0.06}, "time": {"start": 1557615955904001, "scale": "microsecond"}, "quaternion": {"w": 0.9986572265625, "z": 0.0511474609375, "y": 0.00616455078125, "x": -0.0067138671875}, "distance": {"inches": 41.34, "cm": 105.0}, "euler_angles": {"pitch": 0.6875, "roll": -0.6875, "heading": 354.125}, "imu_calibration": {"accelerometer": 3, "magnetometer": 3, "gyroscope": 3, "system": 3}}
{"linear_acceleration": {"z": -0.02, "y": 0.05, "x": -0.05}, "time": {"start": 1557615955973985, "scale": "microsecond"}, "quaternion": {"w": 0.9986572265625, "z": 0.0511474609375, "y": 0.00616455078125, "x": -0.0067138671875}, "distance": {"inches": 68.84, "cm": 174.86}, "euler_angles": {"pitch": 0.6875, "roll": -0.6875, "heading": 354.125}, "imu_calibration": {"accelerometer": 3, "magnetometer": 3, "gyroscope": 3, "system": 3}}
{"linear_acceleration": {"z": -0.04, "y": 0.08, "x": -0.06}, "time": {"start": 1557615956054317, "scale": "microsecond"}, "quaternion": {"w": 0.9986572265625, "z": 0.0511474609375, "y": 0.00616455078125, "x": -0.0067138671875}, "distance": {"inches": 44.1, "cm": 112.02}, "euler_angles": {"pitch": 0.6875, "roll": -0.6875, "heading": 354.125}, "imu_calibration": {"accelerometer": 3, "magnetometer": 3, "gyroscope": 3, "system": 3}}
{"linear_acceleration": {"z": -0.02, "y": 0.06, "x": -0.07}, "time": {"start": 1557615956129223, "scale": "microsecond"}, "quaternion": {"w": 0.9986572265625, "z": 0.0511474609375, "y": 0.00616455078125, "x": -0.0067138671875}, "distance": {"inches": 68.35, "cm": 173.61}, "euler_angles": {"pitch": 0.6875, "roll": -0.6875, "heading": 354.125}, "imu_calibration": {"accelerometer": 3, "magnetometer": 3, "gyroscope": 3, "system": 3}}
{"linear_acceleration": {"z": -0.04, "y": 0.06, "x": -0.05}, "time": {"start": 1557615956204424, "scale": "microsecond"}, "quaternion": {"w": 0.9986572265625, "z": 0.0511474609375, "y": 0.00616455078125, "x": -0.0067138671875}, "distance": {"inches": 40.47, "cm": 102.79}, "euler_angles": {"pitch": 0.6875, "roll": -0.6875, "heading": 354.125}, "imu_calibration": {"accelerometer": 3, "magnetometer": 3, "gyroscope": 3, "system": 3}}
{"linear_acceleration": {"z": -0.01, "y": 0.06, "x": -0.06}, "time": {"start": 1557615956273957, "scale": "microsecond"}, "quaternion": {"w": 0.9986572265625, "z": 0.0511474609375, "y": 0.00616455078125, "x": -0.0067138671875}, "distance": {"inches": 68.51, "cm": 174.01}, "euler_angles": {"pitch": 0.6875, "roll": -0.6875, "heading": 354.125}, "imu_calibration": {"accelerometer": 3, "magnetometer": 3, "gyroscope": 3, "system": 3}}
{"linear_acceleration": {"z": -0.05, "y": 0.07, "x": -0.07}, "time": {"start": 1557615956353090, "scale": "microsecond"}, "quaternion": {"w": 0.9986572265625, "z": 0.0511474609375, "y": 0.00616455078125, "x": -0.0067138671875}, "distance": {"inches": 68.37, "cm": 173.65}, "euler_angles": {"pitch": 0.6875, "roll": -0.6875, "heading": 354.125}, "imu_calibration": {"accelerometer": 3, "magnetometer": 3, "gyroscope": 3, "system": 3}}
{"linear_acceleration": {"z": -0.02, "y": 0.08, "x": -0.07}, "time": {"start": 1557615956427079, "scale": "microsecond"}, "quaternion": {"w": 0.9986572265625, "z": 0.0511474609375, "y": 0.00616455078125, "x": -0.0067138671875}, "distance": {"inches": 67.84, "cm": 172.32}, "euler_angles": {"pitch": 0.6875, "roll": -0.6875, "heading": 354.125}, "imu_calibration": {"accelerometer": 3, "magnetometer": 3, "gyroscope": 3, "system": 3}}
{"linear_acceleration": {"z": -0.01, "y": 0.07, "x": -0.05}, "time": {"start": 1557615956505764, "scale": "microsecond"}, "quaternion": {"w": 0.9986572265625, "z": 0.0511474609375, "y": 0.00616455078125, "x": -0.0067138671875}, "distance": {"inches": 67.87, "cm": 172.4}, "euler_angles": {"pitch": 0.6875, "roll": -0.6875, "heading": 354.125}, "imu_calibration": {"accelerometer": 3, "magnetometer": 3, "gyroscope": 3, "system": 3}}
