{"quaternion": {"w": 0.99072265625, "y": 0.0687255859375, "z": -0.11724853515625, "x": 0.00433349609375}, "imu_calibration": {"system": 3, "accelerometer": 3, "magnetometer": 3, "gyroscope": 3}, "euler_angles": {"roll": -7.875, "pitch": 0.375, "heading": 13.4375}, "linear_acceleration": {"y": 0.01, "z": -0.35, "x": 0.19}, "distance": {"cm": 42.59, "inches": 16.77}, "time": {"start": 1557974101959597, "scale": "microsecond"}}
{"quaternion": {"w": 0.9910888671875, "y": 0.0677490234375, "z": -0.1148681640625, "x": 0.00335693359375}, "imu_calibration": {"system": 3, "accelerometer": 3, "magnetometer": 3, "gyroscope": 3}, "euler_angles": {"roll": -7.75, "pitch": 0.5, "heading": 13.1875}, "linear_acceleration": {"y": 0.12, "z": 0.03, "x": -0.17}, "distance": {"cm": 42.82, "inches": 16.86}, "time": {"start": 1557974102024629, "scale": "microsecond"}}
{"quaternion": {"w": 0.99139404296875, "y": 0.0657958984375, "z": -0.1134033203125, "x": 0.00091552734375}, "imu_calibration": {"system": 3, "accelerometer": 3, "magnetometer": 3, "gyroscope": 3}, "euler_angles": {"roll": -7.5, "pitch": 0.75, "heading": 13.0}, "linear_acceleration": {"y": 0.03, "z": -0.33, "x": 0.28}, "distance": {"cm": 42.8, "inches": 16.85}, "time": {"start": 1557974102098823, "scale": "microsecond"}}
{"quaternion": {"w": 0.99200439453125, "y": 0.06268310546875, "z": -0.109619140625, "x": -6.103515625e-05}, "imu_calibration": {"system": 3, "accelerometer": 3, "magnetometer": 3, "gyroscope": 3}, "euler_angles": {"roll": -7.125, "pitch": 0.75, "heading": 12.5625}, "linear_acceleration": {"y": -0.07, "z": -0.22, "x": -0.38}, "distance": {"cm": 42.99, "inches": 16.93}, "time": {"start": 1557974102165174, "scale": "microsecond"}}
{"quaternion": {"w": 0.99224853515625, "y": 0.06085205078125, "z": -0.108642578125, "x": -0.000732421875}, "imu_calibration": {"system": 3, "accelerometer": 3, "magnetometer": 3, "gyroscope": 3}, "euler_angles": {"roll": -6.875, "pitch": 0.8125, "heading": 12.4375}, "linear_acceleration": {"y": 0.08, "z": -0.15, "x": -0.04}, "distance": {"cm": 42.99, "inches": 16.92}, "time": {"start": 1557974102230662, "scale": "microsecond"}}
{"quaternion": {"w": 0.99249267578125, "y": 0.05816650390625, "z": -0.10772705078125, "x": -0.000244140625}, "imu_calibration": {"system": 3, "accelerometer": 3, "magnetometer": 3, "gyroscope": 3}, "euler_angles": {"roll": -6.5625, "pitch": 0.75, "heading": 12.375}, "linear_acceleration": {"y": 0.06, "z": 0.0, "x": 0.39}, "distance": {"cm": 42.98, "inches": 16.92}, "time": {"start": 1557974102298536, "scale": "microsecond"}}
{"quaternion": {"w": 0.9927978515625, "y": 0.05657958984375, "z": -0.10552978515625, "x": 0.000244140625}, "imu_calibration": {"system": 3, "accelerometer": 3, "magnetometer": 3, "gyroscope": 3}, "euler_angles": {"roll": -6.4375, "pitch": 0.625, "heading": 12.125}, "linear_acceleration": {"y": 0.05, "z": -0.02, "x": 0.03}, "distance": {"cm": 43.19, "inches": 17.0}, "time": {"start": 1557974102365447, "scale": "microsecond"}}
{"quaternion": {"w": 0.9931640625, "y": 0.0550537109375, "z": -0.10321044921875, "x": -0.00042724609375}, "imu_calibration": {"system": 3, "accelerometer": 3, "magnetometer": 3, "gyroscope": 3}, "euler_angles": {"roll": -6.25, "pitch": 0.6875, "heading": 11.8125}, "linear_acceleration": {"y": 0.04, "z": 0.01, "x": 0.26}, "distance": {"cm": 43.36, "inches": 17.07}, "time": {"start": 1557974102431263, "scale": "microsecond"}}
{"quaternion": {"w": 0.9935302734375, "y": 0.05438232421875, "z": -0.09979248046875, "x": -0.0008544921875}, "imu_calibration": {"system": 3, "accelerometer": 3, "magnetometer": 3, "gyroscope": 3}, "euler_angles": {"roll": -6.1875, "pitch": 0.6875, "heading": 11.4375}, "linear_acceleration": {"y": -0.1, "z": -0.28, "x": -0.18}, "distance": {"cm": 43.32, "inches": 17.05}, "time": {"start": 1557974102499133, "scale": "microsecond"}}
{"quaternion": {"w": 0.99371337890625, "y": 0.05426025390625, "z": -0.09771728515625, "x": -0.0006103515625}, "imu_calibration": {"system": 3, "accelerometer": 3, "magnetometer": 3, "gyroscope": 3}, "euler_angles": {"roll": -6.125, "pitch": 0.625, "heading": 11.1875}, "linear_acceleration": {"y": 0.11, "z": 0.03, "x": -0.03}, "distance": {"cm": 43.37, "inches": 17.08}, "time": {"start": 1557974102566080, "scale": "microsecond"}}
{"quaternion": {"w": 0.99383544921875, "y": 0.05462646484375, "z": -0.0965576171875, "x": -0.00103759765625}, "imu_calibration": {"system": 3, "accelerometer": 3, "magnetometer": 3, "gyroscope": 3}, "euler_angles": {"roll": -6.1875, "pitch": 0.6875, "heading": 11.0625}, "linear_acceleration": {"y": 0.07, "z": -0.25, "x": -0.06}, "distance": {"cm": 43.49, "inches": 17.12}, "time": {"start": 1557974102631976, "scale": "microsecond"}}
{"quaternion": {"w": 0.99395751953125, "y": 0.0546875, "z": -0.09521484375, "x": -0.00091552734375}, "imu_calibration": {"system": 3, "accelerometer": 3, "magnetometer": 3, "gyroscope": 3}, "euler_angles": {"roll": -6.1875, "pitch": 0.6875, "heading": 10.9375}, "linear_acceleration": {"y": 0.09, "z": -0.06, "x": -0.01}, "distance": {"cm": 43.68, "inches": 17.2}, "time": {"start": 1557974102699465, "scale": "microsecond"}}
{"quaternion": {"w": 0.9940185546875, "y": 0.0552978515625, "z": -0.09393310546875, "x": -0.00054931640625}, "imu_calibration": {"system": 3, "accelerometer": 3, "magnetometer": 3, "gyroscope": 3}, "euler_angles": {"roll": -6.25, "pitch": 0.625, "heading": 10.75}, "linear_acceleration": {"y": 0.0, "z": -0.07, "x": -0.34}, "distance": {"cm": 43.82, "inches": 17.25}, "time": {"start": 1557974102768221, "scale": "microsecond"}}
{"quaternion": {"w": 0.99395751953125, "y": 0.05584716796875, "z": -0.09423828125, "x": 0.00030517578125}, "imu_calibration": {"system": 3, "accelerometer": 3, "magnetometer": 3, "gyroscope": 3}, "euler_angles": {"roll": -6.375, "pitch": 0.5625, "heading": 10.8125}, "linear_acceleration": {"y": 0.0, "z": -0.12, "x": -0.05}, "distance": {"cm": 43.88, "inches": 17.28}, "time": {"start": 1557974102837880, "scale": "microsecond"}}
{"quaternion": {"w": 0.99395751953125, "y": 0.05523681640625, "z": -0.09454345703125, "x": 0.001220703125}, "imu_calibration": {"system": 3, "accelerometer": 3, "magnetometer": 3, "gyroscope": 3}, "euler_angles": {"roll": -6.3125, "pitch": 0.4375, "heading": 10.8125}, "linear_acceleration": {"y": -0.14, "z": -0.23, "x": 0.16}, "distance": {"cm": 43.95, "inches": 17.3}, "time": {"start": 1557974102909707, "scale": "microsecond"}}
{"quaternion": {"w": 0.9940185546875, "y": 0.05450439453125, "z": -0.0947265625, "x": 0.00274658203125}, "imu_calibration": {"system": 3, "accelerometer": 3, "magnetometer": 3, "gyroscope": 3}, "euler_angles": {"roll": -6.1875, "pitch": 0.25, "heading": 10.875}, "linear_acceleration": {"y": 0.0, "z": 0.19, "x": 0.18}, "distance": {"cm": 44.21, "inches": 17.41}, "time": {"start": 1557974102978566, "scale": "microsecond"}}
{"quaternion": {"w": 0.99407958984375, "y": 0.05450439453125, "z": -0.09381103515625, "x": 0.00244140625}, "imu_calibration": {"system": 3, "accelerometer": 3, "magnetometer": 3, "gyroscope": 3}, "euler_angles": {"roll": -6.1875, "pitch": 0.25, "heading": 10.75}, "linear_acceleration": {"y": -0.08, "z": -0.25, "x": 0.14}, "distance": {"cm": 44.0, "inches": 17.32}, "time": {"start": 1557974103043182, "scale": "microsecond"}}
{"quaternion": {"w": 0.99432373046875, "y": 0.05255126953125, "z": -0.09234619140625, "x": 0.0032958984375}, "imu_calibration": {"system": 3, "accelerometer": 3, "magnetometer": 3, "gyroscope": 3}, "euler_angles": {"roll": -6.0, "pitch": 0.125, "heading": 10.5625}, "linear_acceleration": {"y": 0.05, "z": 0.0, "x": 0.14}, "distance": {"cm": 44.16, "inches": 17.39}, "time": {"start": 1557974103110531, "scale": "microsecond"}}
{"quaternion": {"w": 0.99444580078125, "y": 0.0526123046875, "z": -0.09075927734375, "x": 0.00299072265625}, "imu_calibration": {"system": 3, "accelerometer": 3, "magnetometer": 3, "gyroscope": 3}, "euler_angles": {"roll": -6.0, "pitch": 0.1875, "heading": 10.375}, "linear_acceleration": {"y": -0.01, "z": -0.05, "x": -0.08}, "distance": {"cm": 44.05, "inches": 17.34}, "time": {"start": 1557974103173683, "scale": "microsecond"}}
{"quaternion": {"w": 0.9947509765625, "y": 0.051513671875, "z": -0.08819580078125, "x": 0.00384521484375}, "imu_calibration": {"system": 3, "accelerometer": 3, "magnetometer": 3, "gyroscope": 3}, "euler_angles": {"roll": -5.875, "pitch": 0.0625, "heading": 10.125}, "linear_acceleration": {"y": -0.01, "z": -0.13, "x": -0.13}, "distance": {"cm": 44.06, "inches": 17.35}, "time": {"start": 1557974103243688, "scale": "microsecond"}}
{"quaternion": {"w": 0.994873046875, "y": 0.05157470703125, "z": -0.0869140625, "x": 0.00457763671875}, "imu_calibration": {"system": 3, "accelerometer": 3, "magnetometer": 3, "gyroscope": 3}, "euler_angles": {"roll": -5.875, "pitch": 0.0, "heading": 9.9375}, "linear_acceleration": {"y": 0.0, "z": 0.0, "x": -0.18}, "distance": {"cm": 44.12, "inches": 17.37}, "time": {"start": 1557974103312734, "scale": "microsecond"}}
{"quaternion": {"w": 0.99505615234375, "y": 0.05078125, "z": -0.08538818359375, "x": 0.00445556640625}, "imu_calibration": {"system": 3, "accelerometer": 3, "magnetometer": 3, "gyroscope": 3}, "euler_angles": {"roll": -5.8125, "pitch": 0.0, "heading": 9.75}, "linear_acceleration": {"y": -0.1, "z": -0.32, "x": -0.11}, "distance": {"cm": 44.01, "inches": 17.33}, "time": {"start": 1557974103379922, "scale": "microsecond"}}
{"quaternion": {"w": 0.99517822265625, "y": 0.0491943359375, "z": -0.084716796875, "x": 0.00494384765625}, "imu_calibration": {"system": 3, "accelerometer": 3, "magnetometer": 3, "gyroscope": 3}, "euler_angles": {"roll": -5.6875, "pitch": -0.0625, "heading": 9.6875}, "linear_acceleration": {"y": 0.14, "z": -0.01, "x": -0.11}, "distance": {"cm": 44.0, "inches": 17.32}, "time": {"start": 1557974103445184, "scale": "microsecond"}}
{"quaternion": {"w": 0.9952392578125, "y": 0.04949951171875, "z": -0.08416748046875, "x": 0.0042724609375}, "imu_calibration": {"system": 3, "accelerometer": 3, "magnetometer": 3, "gyroscope": 3}, "euler_angles": {"roll": -5.6875, "pitch": 0.0, "heading": 9.625}, "linear_acceleration": {"y": -0.16, "z": -0.58, "x": -0.12}, "distance": {"cm": 44.09, "inches": 17.36}, "time": {"start": 1557974103512905, "scale": "microsecond"}}
{"quaternion": {"w": 0.99530029296875, "y": 0.048583984375, "z": -0.08380126953125, "x": 0.00579833984375}, "imu_calibration": {"system": 3, "accelerometer": 3, "magnetometer": 3, "gyroscope": 3}, "euler_angles": {"roll": -5.5625, "pitch": -0.1875, "heading": 9.5625}, "linear_acceleration": {"y": 0.02, "z": -0.11, "x": -0.13}, "distance": {"cm": 43.98, "inches": 17.31}, "time": {"start": 1557974103574878, "scale": "microsecond"}}
{"quaternion": {"w": 0.99530029296875, "y": 0.048095703125, "z": -0.08392333984375, "x": 0.00665283203125}, "imu_calibration": {"system": 3, "accelerometer": 3, "magnetometer": 3, "gyroscope": 3}, "euler_angles": {"roll": -5.5, "pitch": -0.25, "heading": 9.625}, "linear_acceleration": {"y": -0.05, "z": -0.25, "x": 0.01}, "distance": {"cm": 43.99, "inches": 17.32}, "time": {"start": 1557974103640644, "scale": "microsecond"}}
{"quaternion": {"w": 0.995361328125, "y": 0.04632568359375, "z": -0.08416748046875, "x": 0.00799560546875}, "imu_calibration": {"system": 3, "accelerometer": 3, "magnetometer": 3, "gyroscope": 3}, "euler_angles": {"roll": -5.3125, "pitch": -0.4375, "heading": 9.625}, "linear_acceleration": {"y": 0.03, "z": 0.17, "x": 0.21}, "distance": {"cm": 43.98, "inches": 17.32}, "time": {"start": 1557974103714194, "scale": "microsecond"}}
{"quaternion": {"w": 0.99542236328125, "y": 0.0462646484375, "z": -0.08367919921875, "x": 0.00738525390625}, "imu_calibration": {"system": 3, "accelerometer": 3, "magnetometer": 3, "gyroscope": 3}, "euler_angles": {"roll": -5.3125, "pitch": -0.375, "heading": 9.5625}, "linear_acceleration": {"y": -0.09, "z": -0.18, "x": -0.5}, "distance": {"cm": 44.08, "inches": 17.35}, "time": {"start": 1557974103780063, "scale": "microsecond"}}
{"quaternion": {"w": 0.9952392578125, "y": 0.04425048828125, "z": -0.08685302734375, "x": 0.007568359375}, "imu_calibration": {"system": 3, "accelerometer": 3, "magnetometer": 3, "gyroscope": 3}, "euler_angles": {"roll": -5.125, "pitch": -0.375, "heading": 9.875}, "linear_acceleration": {"y": 0.05, "z": -0.02, "x": 0.05}, "distance": {"cm": 44.04, "inches": 17.34}, "time": {"start": 1557974103846037, "scale": "microsecond"}}
{"quaternion": {"w": 0.9949951171875, "y": 0.0438232421875, "z": -0.08953857421875, "x": 0.00701904296875}, "imu_calibration": {"system": 3, "accelerometer": 3, "magnetometer": 3, "gyroscope": 3}, "euler_angles": {"roll": -5.0625, "pitch": -0.3125, "heading": 10.25}, "linear_acceleration": {"y": 0.11, "z": -0.18, "x": 0.04}, "distance": {"cm": 43.86, "inches": 17.27}, "time": {"start": 1557974103912940, "scale": "microsecond"}}
{"quaternion": {"w": 0.99481201171875, "y": 0.04296875, "z": -0.0919189453125, "x": 0.0072021484375}, "imu_calibration": {"system": 3, "accelerometer": 3, "magnetometer": 3, "gyroscope": 3}, "euler_angles": {"roll": -4.9375, "pitch": -0.3125, "heading": 10.5}, "linear_acceleration": {"y": -0.06, "z": -0.15, "x": -0.18}, "distance": {"cm": 43.98, "inches": 17.32}, "time": {"start": 1557974103981786, "scale": "microsecond"}}
{"quaternion": {"w": 0.994384765625, "y": 0.04168701171875, "z": -0.0970458984375, "x": 0.0079345703125}, "imu_calibration": {"system": 3, "accelerometer": 3, "magnetometer": 3, "gyroscope": 3}, "euler_angles": {"roll": -4.8125, "pitch": -0.375, "heading": 11.0}, "linear_acceleration": {"y": 0.12, "z": -0.25, "x": -0.47}, "distance": {"cm": 43.89, "inches": 17.28}, "time": {"start": 1557974104047112, "scale": "microsecond"}}
{"quaternion": {"w": 0.9935302734375, "y": 0.03900146484375, "z": -0.1060791015625, "x": 0.009033203125}, "imu_calibration": {"system": 3, "accelerometer": 3, "magnetometer": 3, "gyroscope": 3}, "euler_angles": {"roll": -4.5, "pitch": -0.5, "heading": 12.1875}, "linear_acceleration": {"y": -0.07, "z": -0.01, "x": 0.15}, "distance": {"cm": 43.88, "inches": 17.27}, "time": {"start": 1557974104115573, "scale": "microsecond"}}
{"quaternion": {"w": 0.992431640625, "y": 0.03582763671875, "z": -0.1171875, "x": 0.009521484375}, "imu_calibration": {"system": 3, "accelerometer": 3, "magnetometer": 3, "gyroscope": 3}, "euler_angles": {"roll": -4.1875, "pitch": -0.5625, "heading": 13.4375}, "linear_acceleration": {"y": 0.17, "z": 0.0, "x": -0.1}, "distance": {"cm": 43.82, "inches": 17.25}, "time": {"start": 1557974104181947, "scale": "microsecond"}}
{"quaternion": {"w": 0.9908447265625, "y": 0.03515625, "z": -0.130126953125, "x": 0.009033203125}, "imu_calibration": {"system": 3, "accelerometer": 3, "magnetometer": 3, "gyroscope": 3}, "euler_angles": {"roll": -4.125, "pitch": -0.5, "heading": 14.9375}, "linear_acceleration": {"y": 0.19, "z": -0.23, "x": -0.35}, "distance": {"cm": 43.79, "inches": 17.24}, "time": {"start": 1557974104254813, "scale": "microsecond"}}
{"quaternion": {"w": 0.98870849609375, "y": 0.03271484375, "z": -0.14593505859375, "x": 0.00982666015625}, "imu_calibration": {"system": 3, "accelerometer": 3, "magnetometer": 3, "gyroscope": 3}, "euler_angles": {"roll": -3.8125, "pitch": -0.5625, "heading": 16.75}, "linear_acceleration": {"y": 0.02, "z": 0.09, "x": 0.3}, "distance": {"cm": 43.62, "inches": 17.17}, "time": {"start": 1557974104322437, "scale": "microsecond"}}
{"quaternion": {"w": 0.987060546875, "y": 0.03253173828125, "z": -0.15667724609375, "x": 0.0096435546875}, "imu_calibration": {"system": 3, "accelerometer": 3, "magnetometer": 3, "gyroscope": 3}, "euler_angles": {"roll": -3.8125, "pitch": -0.5, "heading": 18.0}, "linear_acceleration": {"y": 0.26, "z": -0.1, "x": -0.47}, "distance": {"cm": 44.11, "inches": 17.37}, "time": {"start": 1557974104387638, "scale": "microsecond"}}
{"quaternion": {"w": 0.9837646484375, "y": 0.03497314453125, "z": -0.17572021484375, "x": 0.00775146484375}, "imu_calibration": {"system": 3, "accelerometer": 3, "magnetometer": 3, "gyroscope": 3}, "euler_angles": {"roll": -4.0625, "pitch": -0.125, "heading": 20.25}, "linear_acceleration": {"y": -0.11, "z": -0.42, "x": -0.13}, "distance": {"cm": 43.96, "inches": 17.31}, "time": {"start": 1557974104455623, "scale": "microsecond"}}
{"quaternion": {"w": 0.98004150390625, "y": 0.03570556640625, "z": -0.19549560546875, "x": 0.0052490234375}, "imu_calibration": {"system": 3, "accelerometer": 3, "magnetometer": 3, "gyroscope": 3}, "euler_angles": {"roll": -4.125, "pitch": 0.1875, "heading": 22.5}, "linear_acceleration": {"y": 0.2, "z": -0.22, "x": -0.14}, "distance": {"cm": 44.15, "inches": 17.38}, "time": {"start": 1557974104522897, "scale": "microsecond"}}
{"quaternion": {"w": 0.97705078125, "y": 0.0338134765625, "z": -0.210205078125, "x": 0.00384521484375}, "imu_calibration": {"system": 3, "accelerometer": 3, "magnetometer": 3, "gyroscope": 3}, "euler_angles": {"roll": -3.875, "pitch": 0.375, "heading": 24.25}, "linear_acceleration": {"y": 0.25, "z": 0.02, "x": -0.05}, "distance": {"cm": 44.11, "inches": 17.36}, "time": {"start": 1557974104588453, "scale": "microsecond"}}
{"quaternion": {"w": 0.97442626953125, "y": 0.03399658203125, "z": -0.2220458984375, "x": 0.00079345703125}, "imu_calibration": {"system": 3, "accelerometer": 3, "magnetometer": 3, "gyroscope": 3}, "euler_angles": {"roll": -3.8125, "pitch": 0.75, "heading": 25.625}, "linear_acceleration": {"y": 0.19, "z": -0.45, "x": -0.15}, "distance": {"cm": 44.58, "inches": 17.55}, "time": {"start": 1557974104656556, "scale": "microsecond"}}
{"quaternion": {"w": 0.9722900390625, "y": 0.03472900390625, "z": -0.23126220703125, "x": -0.00128173828125}, "imu_calibration": {"system": 3, "accelerometer": 3, "magnetometer": 3, "gyroscope": 3}, "euler_angles": {"roll": -3.8125, "pitch": 1.0625, "heading": 26.75}, "linear_acceleration": {"y": -0.14, "z": -0.5, "x": 1.01}, "distance": {"cm": 44.79, "inches": 17.63}, "time": {"start": 1557974104723535, "scale": "microsecond"}}
{"quaternion": {"w": 0.97222900390625, "y": 0.034423828125, "z": -0.2314453125, "x": -0.00054931640625}, "imu_calibration": {"system": 3, "accelerometer": 3, "magnetometer": 3, "gyroscope": 3}, "euler_angles": {"roll": -3.8125, "pitch": 0.9375, "heading": 26.75}, "linear_acceleration": {"y": 0.27, "z": -0.05, "x": -0.06}, "distance": {"cm": 44.93, "inches": 17.69}, "time": {"start": 1557974104788967, "scale": "microsecond"}}
{"quaternion": {"w": 0.97186279296875, "y": 0.03448486328125, "z": -0.23309326171875, "x": -0.00067138671875}, "imu_calibration": {"system": 3, "accelerometer": 3, "magnetometer": 3, "gyroscope": 3}, "euler_angles": {"roll": -3.8125, "pitch": 1.0, "heading": 26.9375}, "linear_acceleration": {"y": -0.1, "z": -0.3, "x": 0.32}, "distance": {"cm": 44.57, "inches": 17.55}, "time": {"start": 1557974104856747, "scale": "microsecond"}}
{"quaternion": {"w": 0.9720458984375, "y": 0.03369140625, "z": -0.232421875, "x": 0.00018310546875}, "imu_calibration": {"system": 3, "accelerometer": 3, "magnetometer": 3, "gyroscope": 3}, "euler_angles": {"roll": -3.6875, "pitch": 0.8125, "heading": 26.8125}, "linear_acceleration": {"y": 0.08, "z": 0.1, "x": 0.2}, "distance": {"cm": 44.58, "inches": 17.55}, "time": {"start": 1557974104920150, "scale": "microsecond"}}
{"quaternion": {"w": 0.97216796875, "y": 0.03424072265625, "z": -0.231689453125, "x": 0.00042724609375}, "imu_calibration": {"system": 3, "accelerometer": 3, "magnetometer": 3, "gyroscope": 3}, "euler_angles": {"roll": -3.8125, "pitch": 0.8125, "heading": 26.75}, "linear_acceleration": {"y": 0.04, "z": -0.29, "x": 0.09}, "distance": {"cm": 44.68, "inches": 17.59}, "time": {"start": 1557974104986147, "scale": "microsecond"}}
{"quaternion": {"w": 0.97216796875, "y": 0.0345458984375, "z": -0.23162841796875, "x": 0.00140380859375}, "imu_calibration": {"system": 3, "accelerometer": 3, "magnetometer": 3, "gyroscope": 3}, "euler_angles": {"roll": -3.875, "pitch": 0.75, "heading": 26.75}, "linear_acceleration": {"y": 0.08, "z": -0.1, "x": -0.18}, "distance": {"cm": 45.07, "inches": 17.74}, "time": {"start": 1557974105049728, "scale": "microsecond"}}
{"quaternion": {"w": 0.9718017578125, "y": 0.0345458984375, "z": -0.233154296875, "x": 0.0013427734375}, "imu_calibration": {"system": 3, "accelerometer": 3, "magnetometer": 3, "gyroscope": 3}, "euler_angles": {"roll": -3.875, "pitch": 0.75, "heading": 26.9375}, "linear_acceleration": {"y": 0.07, "z": -0.14, "x": 0.11}, "distance": {"cm": 44.79, "inches": 17.64}, "time": {"start": 1557974105117859, "scale": "microsecond"}}
{"quaternion": {"w": 0.9718017578125, "y": 0.0347900390625, "z": -0.2332763671875, "x": 0.00189208984375}, "imu_calibration": {"system": 3, "accelerometer": 3, "magnetometer": 3, "gyroscope": 3}, "euler_angles": {"roll": -3.875, "pitch": 0.6875, "heading": 26.9375}, "linear_acceleration": {"y": 0.08, "z": -0.1, "x": -0.22}, "distance": {"cm": 45.21, "inches": 17.8}, "time": {"start": 1557974105179623, "scale": "microsecond"}}
{"quaternion": {"w": 0.9713134765625, "y": 0.03533935546875, "z": -0.23516845703125, "x": 0.001708984375}, "imu_calibration": {"system": 3, "accelerometer": 3, "magnetometer": 3, "gyroscope": 3}, "euler_angles": {"roll": -3.9375, "pitch": 0.75, "heading": 27.1875}, "linear_acceleration": {"y": 0.12, "z": -0.27, "x": 0.03}, "distance": {"cm": 45.19, "inches": 17.79}, "time": {"start": 1557974105245125, "scale": "microsecond"}}
{"quaternion": {"w": 0.9710693359375, "y": 0.03533935546875, "z": -0.236083984375, "x": 0.0028076171875}, "imu_calibration": {"system": 3, "accelerometer": 3, "magnetometer": 3, "gyroscope": 3}, "euler_angles": {"roll": -4.0, "pitch": 0.625, "heading": 27.3125}, "linear_acceleration": {"y": 0.1, "z": 0.0, "x": 0.09}, "distance": {"cm": 45.34, "inches": 17.85}, "time": {"start": 1557974105318572, "scale": "microsecond"}}
{"quaternion": {"w": 0.970947265625, "y": 0.03607177734375, "z": -0.23651123046875, "x": 0.00286865234375}, "imu_calibration": {"system": 3, "accelerometer": 3, "magnetometer": 3, "gyroscope": 3}, "euler_angles": {"roll": -4.0625, "pitch": 0.625, "heading": 27.375}, "linear_acceleration": {"y": 0.09, "z": -0.41, "x": 0.05}, "distance": {"cm": 45.28, "inches": 17.83}, "time": {"start": 1557974105386191, "scale": "microsecond"}}
{"quaternion": {"w": 0.97076416015625, "y": 0.03643798828125, "z": -0.2371826171875, "x": 0.00384521484375}, "imu_calibration": {"system": 3, "accelerometer": 3, "magnetometer": 3, "gyroscope": 3}, "euler_angles": {"roll": -4.125, "pitch": 0.5625, "heading": 27.4375}, "linear_acceleration": {"y": 0.06, "z": -0.04, "x": 0.37}, "distance": {"cm": 45.33, "inches": 17.84}, "time": {"start": 1557974105450969, "scale": "microsecond"}}
{"quaternion": {"w": 0.97076416015625, "y": 0.0377197265625, "z": -0.2369384765625, "x": 0.00384521484375}, "imu_calibration": {"system": 3, "accelerometer": 3, "magnetometer": 3, "gyroscope": 3}, "euler_angles": {"roll": -4.25, "pitch": 0.5625, "heading": 27.375}, "linear_acceleration": {"y": 0.07, "z": -0.17, "x": -0.11}, "distance": {"cm": 45.32, "inches": 17.84}, "time": {"start": 1557974105517947, "scale": "microsecond"}}
{"quaternion": {"w": 0.97076416015625, "y": 0.037841796875, "z": -0.23699951171875, "x": 0.00457763671875}, "imu_calibration": {"system": 3, "accelerometer": 3, "magnetometer": 3, "gyroscope": 3}, "euler_angles": {"roll": -4.3125, "pitch": 0.5, "heading": 27.375}, "linear_acceleration": {"y": 0.05, "z": -0.09, "x": -0.07}, "distance": {"cm": 45.25, "inches": 17.82}, "time": {"start": 1557974105581334, "scale": "microsecond"}}
{"quaternion": {"w": 0.9708251953125, "y": 0.0400390625, "z": -0.2364501953125, "x": 0.0047607421875}, "imu_calibration": {"system": 3, "accelerometer": 3, "magnetometer": 3, "gyroscope": 3}, "euler_angles": {"roll": -4.5, "pitch": 0.5, "heading": 27.3125}, "linear_acceleration": {"y": 0.06, "z": -0.27, "x": -0.18}, "distance": {"cm": 45.27, "inches": 17.82}, "time": {"start": 1557974105646980, "scale": "microsecond"}}
{"quaternion": {"w": 0.9708251953125, "y": 0.04046630859375, "z": -0.23626708984375, "x": 0.00592041015625}, "imu_calibration": {"system": 3, "accelerometer": 3, "magnetometer": 3, "gyroscope": 3}, "euler_angles": {"roll": -4.625, "pitch": 0.4375, "heading": 27.3125}, "linear_acceleration": {"y": 0.17, "z": -0.27, "x": -0.21}, "distance": {"cm": 45.1, "inches": 17.76}, "time": {"start": 1557974105719431, "scale": "microsecond"}}
{"quaternion": {"w": 0.97064208984375, "y": 0.04107666015625, "z": -0.2369384765625, "x": 0.00836181640625}, "imu_calibration": {"system": 3, "accelerometer": 3, "magnetometer": 3, "gyroscope": 3}, "euler_angles": {"roll": -4.75, "pitch": 0.125, "heading": 27.4375}, "linear_acceleration": {"y": 0.0, "z": -0.52, "x": 0.05}, "distance": {"cm": 45.12, "inches": 17.76}, "time": {"start": 1557974105786945, "scale": "microsecond"}}
{"quaternion": {"w": 0.97064208984375, "y": 0.03863525390625, "z": -0.23699951171875, "x": 0.013916015625}, "imu_calibration": {"system": 3, "accelerometer": 3, "magnetometer": 3, "gyroscope": 3}, "euler_angles": {"roll": -4.625, "pitch": -0.5, "heading": 27.4375}, "linear_acceleration": {"y": 0.09, "z": -0.22, "x": -0.11}, "distance": {"cm": 45.03, "inches": 17.73}, "time": {"start": 1557974105861002, "scale": "microsecond"}}
{"quaternion": {"w": 0.97052001953125, "y": 0.03704833984375, "z": -0.2373046875, "x": 0.0205078125}, "imu_calibration": {"system": 3, "accelerometer": 3, "magnetometer": 3, "gyroscope": 3}, "euler_angles": {"roll": -4.625, "pitch": -1.25, "heading": 27.4375}, "linear_acceleration": {"y": 0.18, "z": -0.16, "x": 0.0}, "distance": {"cm": 45.15, "inches": 17.78}, "time": {"start": 1557974105928648, "scale": "microsecond"}}
{"quaternion": {"w": 0.97021484375, "y": 0.03564453125, "z": -0.2379150390625, "x": 0.0277099609375}, "imu_calibration": {"system": 3, "accelerometer": 3, "magnetometer": 3, "gyroscope": 3}, "euler_angles": {"roll": -4.6875, "pitch": -2.0, "heading": 27.5}, "linear_acceleration": {"y": 0.0, "z": -0.14, "x": 0.01}, "distance": {"cm": 45.08, "inches": 17.75}, "time": {"start": 1557974105998776, "scale": "microsecond"}}
{"quaternion": {"w": 0.97021484375, "y": 0.03314208984375, "z": -0.23773193359375, "x": 0.03369140625}, "imu_calibration": {"system": 3, "accelerometer": 3, "magnetometer": 3, "gyroscope": 3}, "euler_angles": {"roll": -4.5625, "pitch": -2.8125, "heading": 27.5}, "linear_acceleration": {"y": 0.13, "z": -0.29, "x": 0.08}, "distance": {"cm": 45.1, "inches": 17.76}, "time": {"start": 1557974106071040, "scale": "microsecond"}}
{"quaternion": {"w": 0.97003173828125, "y": 0.02911376953125, "z": -0.23760986328125, "x": 0.0411376953125}, "imu_calibration": {"system": 3, "accelerometer": 3, "magnetometer": 3, "gyroscope": 3}, "euler_angles": {"roll": -4.3125, "pitch": -3.75, "heading": 27.5}, "linear_acceleration": {"y": 0.0, "z": -0.23, "x": 0.25}, "distance": {"cm": 45.17, "inches": 17.78}, "time": {"start": 1557974106133457, "scale": "microsecond"}}
{"quaternion": {"w": 0.9697265625, "y": 0.02593994140625, "z": -0.23699951171875, "x": 0.05255126953125}, "imu_calibration": {"system": 3, "accelerometer": 3, "magnetometer": 3, "gyroscope": 3}, "euler_angles": {"roll": -4.375, "pitch": -4.875, "heading": 27.4375}, "linear_acceleration": {"y": -0.38, "z": -1.37, "x": -0.04}, "distance": {"cm": 45.13, "inches": 17.77}, "time": {"start": 1557974106198379, "scale": "microsecond"}}
{"quaternion": {"w": 0.96954345703125, "y": 0.01678466796875, "z": -0.23486328125, "x": 0.06707763671875}, "imu_calibration": {"system": 3, "accelerometer": 3, "magnetometer": 3, "gyroscope": 3}, "euler_angles": {"roll": -3.625, "pitch": -7.0, "heading": 27.1875}, "linear_acceleration": {"y": 0.44, "z": 0.53, "x": 0.0}, "distance": {"cm": 45.57, "inches": 17.94}, "time": {"start": 1557974106270894, "scale": "microsecond"}}
{"quaternion": {"w": 0.968994140625, "y": 0.01629638671875, "z": -0.23486328125, "x": 0.0753173828125}, "imu_calibration": {"system": 3, "accelerometer": 3, "magnetometer": 3, "gyroscope": 3}, "euler_angles": {"roll": -3.8125, "pitch": -7.9375, "heading": 27.1875}, "linear_acceleration": {"y": -0.21, "z": -0.84, "x": 0.24}, "distance": {"cm": 45.48, "inches": 17.91}, "time": {"start": 1557974106334107, "scale": "microsecond"}}
{"quaternion": {"w": 0.968017578125, "y": 0.01220703125, "z": -0.234130859375, "x": 0.0894775390625}, "imu_calibration": {"system": 3, "accelerometer": 3, "magnetometer": 3, "gyroscope": 3}, "euler_angles": {"roll": -3.6875, "pitch": -9.5, "heading": 27.1875}, "linear_acceleration": {"y": 0.14, "z": 0.22, "x": 0.09}, "distance": {"cm": 45.49, "inches": 17.91}, "time": {"start": 1557974106399040, "scale": "microsecond"}}
{"quaternion": {"w": 0.96728515625, "y": 0.0069580078125, "z": -0.2337646484375, "x": 0.09820556640625}, "imu_calibration": {"system": 3, "accelerometer": 3, "magnetometer": 3, "gyroscope": 3}, "euler_angles": {"roll": -3.375, "pitch": -10.75, "heading": 27.125}, "linear_acceleration": {"y": -0.04, "z": -0.13, "x": 0.17}, "distance": {"cm": 45.86, "inches": 18.06}, "time": {"start": 1557974106471930, "scale": "microsecond"}}
{"quaternion": {"w": 0.96636962890625, "y": 0.0035400390625, "z": -0.23382568359375, "x": 0.10687255859375}, "imu_calibration": {"system": 3, "accelerometer": 3, "magnetometer": 3, "gyroscope": 3}, "euler_angles": {"roll": -3.25, "pitch": -11.8125, "heading": 27.1875}, "linear_acceleration": {"y": 0.09, "z": -0.3, "x": 0.06}, "distance": {"cm": 45.86, "inches": 18.06}, "time": {"start": 1557974106534597, "scale": "microsecond"}}
{"quaternion": {"w": 0.9649658203125, "y": -0.00048828125, "z": -0.23321533203125, "x": 0.1202392578125}, "imu_calibration": {"system": 3, "accelerometer": 3, "magnetometer": 3, "gyroscope": 3}, "euler_angles": {"roll": -3.1875, "pitch": -13.1875, "heading": 27.125}, "linear_acceleration": {"y": 0.25, "z": 0.0, "x": -0.14}, "distance": {"cm": 45.89, "inches": 18.07}, "time": {"start": 1557974106599505, "scale": "microsecond"}}
{"quaternion": {"w": 0.96368408203125, "y": -0.0015869140625, "z": -0.23321533203125, "x": 0.130126953125}, "imu_calibration": {"system": 3, "accelerometer": 3, "magnetometer": 3, "gyroscope": 3}, "euler_angles": {"roll": -3.25, "pitch": -14.375, "heading": 27.1875}, "linear_acceleration": {"y": -0.06, "z": -0.39, "x": 0.21}, "distance": {"cm": 45.8, "inches": 18.03}, "time": {"start": 1557974106676748, "scale": "microsecond"}}
{"quaternion": {"w": 0.96246337890625, "y": -0.00494384765625, "z": -0.23309326171875, "x": 0.1390380859375}, "imu_calibration": {"system": 3, "accelerometer": 3, "magnetometer": 3, "gyroscope": 3}, "euler_angles": {"roll": -3.125, "pitch": -15.625, "heading": 27.1875}, "linear_acceleration": {"y": 0.52, "z": 0.79, "x": -0.18}, "distance": {"cm": 45.82, "inches": 18.04}, "time": {"start": 1557974106741995, "scale": "microsecond"}}
{"quaternion": {"w": 0.9615478515625, "y": -0.00262451171875, "z": -0.2349853515625, "x": 0.1422119140625}, "imu_calibration": {"system": 3, "accelerometer": 3, "magnetometer": 3, "gyroscope": 3}, "euler_angles": {"roll": -3.5, "pitch": -15.875, "heading": 27.4375}, "linear_acceleration": {"y": 0.0, "z": -0.3, "x": -0.1}, "distance": {"cm": 45.83, "inches": 18.04}, "time": {"start": 1557974106805520, "scale": "microsecond"}}
{"quaternion": {"w": 0.96063232421875, "y": -0.00372314453125, "z": -0.23681640625, "x": 0.14532470703125}, "imu_calibration": {"system": 3, "accelerometer": 3, "magnetometer": 3, "gyroscope": 3}, "euler_angles": {"roll": -3.5, "pitch": -16.3125, "heading": 27.6875}, "linear_acceleration": {"y": 0.13, "z": 0.12, "x": 0.1}, "distance": {"cm": 45.91, "inches": 18.07}, "time": {"start": 1557974106872653, "scale": "microsecond"}}
{"quaternion": {"w": 0.96002197265625, "y": -0.0067138671875, "z": -0.23699951171875, "x": 0.14874267578125}, "imu_calibration": {"system": 3, "accelerometer": 3, "magnetometer": 3, "gyroscope": 3}, "euler_angles": {"roll": -3.25, "pitch": -16.8125, "heading": 27.6875}, "linear_acceleration": {"y": 0.36, "z": 0.29, "x": 0.01}, "distance": {"cm": 45.83, "inches": 18.04}, "time": {"start": 1557974106935591, "scale": "microsecond"}}
{"quaternion": {"w": 0.9593505859375, "y": -0.00537109375, "z": -0.239013671875, "x": 0.15008544921875}, "imu_calibration": {"system": 3, "accelerometer": 3, "magnetometer": 3, "gyroscope": 3}, "euler_angles": {"roll": -3.5625, "pitch": -16.8125, "heading": 27.9375}, "linear_acceleration": {"y": -0.04, "z": -0.47, "x": 0.35}, "distance": {"cm": 46.27, "inches": 18.21}, "time": {"start": 1557974107000770, "scale": "microsecond"}}
{"quaternion": {"w": 0.95941162109375, "y": -0.005859375, "z": -0.23760986328125, "x": 0.1517333984375}, "imu_calibration": {"system": 3, "accelerometer": 3, "magnetometer": 3, "gyroscope": 3}, "euler_angles": {"roll": -3.4375, "pitch": -17.125, "heading": 27.8125}, "linear_acceleration": {"y": 0.37, "z": 0.05, "x": -0.39}, "distance": {"cm": 46.69, "inches": 18.38}, "time": {"start": 1557974107073478, "scale": "microsecond"}}
{"quaternion": {"w": 0.959228515625, "y": -0.00543212890625, "z": -0.2384033203125, "x": 0.15155029296875}, "imu_calibration": {"system": 3, "accelerometer": 3, "magnetometer": 3, "gyroscope": 3}, "euler_angles": {"roll": -3.5, "pitch": -17.0625, "heading": 27.875}, "linear_acceleration": {"y": 0.03, "z": -0.44, "x": 0.14}, "distance": {"cm": 46.45, "inches": 18.29}, "time": {"start": 1557974107136388, "scale": "microsecond"}}
{"quaternion": {"w": 0.9591064453125, "y": -0.00360107421875, "z": -0.2386474609375, "x": 0.1522216796875}, "imu_calibration": {"system": 3, "accelerometer": 3, "magnetometer": 3, "gyroscope": 3}, "euler_angles": {"roll": -3.6875, "pitch": -17.0625, "heading": 27.875}, "linear_acceleration": {"y": -0.1, "z": -0.35, "x": 0.07}, "distance": {"cm": 46.49, "inches": 18.31}, "time": {"start": 1557974107201230, "scale": "microsecond"}}
{"quaternion": {"w": 0.95928955078125, "y": -0.00445556640625, "z": -0.2373046875, "x": 0.15313720703125}, "imu_calibration": {"system": 3, "accelerometer": 3, "magnetometer": 3, "gyroscope": 3}, "euler_angles": {"roll": -3.625, "pitch": -17.1875, "heading": 27.75}, "linear_acceleration": {"y": 0.32, "z": 0.03, "x": -0.42}, "distance": {"cm": 46.47, "inches": 18.29}, "time": {"start": 1557974107273255, "scale": "microsecond"}}
{"quaternion": {"w": 0.95904541015625, "y": -0.0032958984375, "z": -0.23846435546875, "x": 0.15277099609375}, "imu_calibration": {"system": 3, "accelerometer": 3, "magnetometer": 3, "gyroscope": 3}, "euler_angles": {"roll": -3.8125, "pitch": -17.125, "heading": 27.875}, "linear_acceleration": {"y": -0.04, "z": -0.41, "x": 0.28}, "distance": {"cm": 46.19, "inches": 18.19}, "time": {"start": 1557974107337429, "scale": "microsecond"}}
{"quaternion": {"w": 0.95947265625, "y": -0.00347900390625, "z": -0.236572265625, "x": 0.15325927734375}, "imu_calibration": {"system": 3, "accelerometer": 3, "magnetometer": 3, "gyroscope": 3}, "euler_angles": {"roll": -3.6875, "pitch": -17.25, "heading": 27.6875}, "linear_acceleration": {"y": 0.17, "z": 0.13, "x": -0.12}, "distance": {"cm": 45.6, "inches": 17.95}, "time": {"start": 1557974107402071, "scale": "microsecond"}}
{"quaternion": {"w": 0.960205078125, "y": -0.00140380859375, "z": -0.23443603515625, "x": 0.15185546875}, "imu_calibration": {"system": 3, "accelerometer": 3, "magnetometer": 3, "gyroscope": 3}, "euler_angles": {"roll": -3.875, "pitch": -17.0, "heading": 27.4375}, "linear_acceleration": {"y": -0.12, "z": -0.54, "x": 0.29}, "distance": {"cm": 46.24, "inches": 18.21}, "time": {"start": 1557974107475103, "scale": "microsecond"}}
{"quaternion": {"w": 0.96136474609375, "y": -0.0035400390625, "z": -0.22900390625, "x": 0.15289306640625}, "imu_calibration": {"system": 3, "accelerometer": 3, "magnetometer": 3, "gyroscope": 3}, "euler_angles": {"roll": -3.625, "pitch": -17.1875, "heading": 26.75}, "linear_acceleration": {"y": 0.14, "z": 0.05, "x": 0.59}, "distance": {"cm": 46.3, "inches": 18.23}, "time": {"start": 1557974107537849, "scale": "microsecond"}}
{"quaternion": {"w": 0.964111328125, "y": -0.0048828125, "z": -0.2177734375, "x": 0.15155029296875}, "imu_calibration": {"system": 3, "accelerometer": 3, "magnetometer": 3, "gyroscope": 3}, "euler_angles": {"roll": -3.3125, "pitch": -17.125, "heading": 25.625}, "linear_acceleration": {"y": 0.01, "z": -0.29, "x": 0.43}, "distance": {"cm": 45.95, "inches": 18.09}, "time": {"start": 1557974107602871, "scale": "microsecond"}}
{"quaternion": {"w": 0.966796875, "y": -0.007568359375, "z": -0.2059326171875, "x": 0.15118408203125}, "imu_calibration": {"system": 3, "accelerometer": 3, "magnetometer": 3, "gyroscope": 3}, "euler_angles": {"roll": -2.6875, "pitch": -17.1875, "heading": 24.0}, "linear_acceleration": {"y": -0.18, "z": -0.34, "x": 0.85}, "distance": {"cm": 46.0, "inches": 18.11}, "time": {"start": 1557974107675965, "scale": "microsecond"}}
{"quaternion": {"w": 0.96966552734375, "y": -0.01141357421875, "z": -0.19036865234375, "x": 0.1529541015625}, "imu_calibration": {"system": 3, "accelerometer": 3, "magnetometer": 3, "gyroscope": 3}, "euler_angles": {"roll": -2.0625, "pitch": -17.5, "heading": 22.1875}, "linear_acceleration": {"y": 0.04, "z": 0.23, "x": -0.09}, "distance": {"cm": 45.5, "inches": 17.91}, "time": {"start": 1557974107738599, "scale": "microsecond"}}
{"quaternion": {"w": 0.97296142578125, "y": -0.012451171875, "z": -0.1732177734375, "x": 0.15240478515625}, "imu_calibration": {"system": 3, "accelerometer": 3, "magnetometer": 3, "gyroscope": 3}, "euler_angles": {"roll": -1.6875, "pitch": -17.4375, "heading": 20.5}, "linear_acceleration": {"y": -0.12, "z": -0.37, "x": 0.33}, "distance": {"cm": 45.6, "inches": 17.95}, "time": {"start": 1557974107803515, "scale": "microsecond"}}
{"quaternion": {"w": 0.97503662109375, "y": -0.01422119140625, "z": -0.1588134765625, "x": 0.1546630859375}, "imu_calibration": {"system": 3, "accelerometer": 3, "magnetometer": 3, "gyroscope": 3}, "euler_angles": {"roll": -1.1875, "pitch": -17.8125, "heading": 18.5}, "linear_acceleration": {"y": 0.03, "z": 0.42, "x": 0.28}, "distance": {"cm": 45.64, "inches": 17.97}, "time": {"start": 1557974107875664, "scale": "microsecond"}}
{"quaternion": {"w": 0.97747802734375, "y": -0.009765625, "z": -0.1451416015625, "x": 0.15277099609375}, "imu_calibration": {"system": 3, "accelerometer": 3, "magnetometer": 3, "gyroscope": 3}, "euler_angles": {"roll": -1.4375, "pitch": -17.5, "heading": 16.875}, "linear_acceleration": {"y": 0.05, "z": -0.61, "x": -0.29}, "distance": {"cm": 45.25, "inches": 17.82}, "time": {"start": 1557974107939054, "scale": "microsecond"}}
{"quaternion": {"w": 0.9801025390625, "y": -0.00921630859375, "z": -0.12506103515625, "x": 0.15386962890625}, "imu_calibration": {"system": 3, "accelerometer": 3, "magnetometer": 3, "gyroscope": 3}, "euler_angles": {"roll": -1.125, "pitch": -17.6875, "heading": 14.8125}, "linear_acceleration": {"y": -0.2, "z": -0.3, "x": 0.31}, "distance": {"cm": 45.4, "inches": 17.88}, "time": {"start": 1557974108003970, "scale": "microsecond"}}
{"quaternion": {"w": 0.98162841796875, "y": -0.01080322265625, "z": -0.10919189453125, "x": 0.15594482421875}, "imu_calibration": {"system": 3, "accelerometer": 3, "magnetometer": 3, "gyroscope": 3}, "euler_angles": {"roll": -0.6875, "pitch": -17.9375, "heading": 12.6875}, "linear_acceleration": {"y": 0.06, "z": 0.08, "x": -0.21}, "distance": {"cm": 45.33, "inches": 17.85}, "time": {"start": 1557974108076506, "scale": "microsecond"}}
{"quaternion": {"w": 0.98291015625, "y": -0.01025390625, "z": -0.0963134765625, "x": 0.1563720703125}, "imu_calibration": {"system": 3, "accelerometer": 3, "magnetometer": 3, "gyroscope": 3}, "euler_angles": {"roll": -0.5625, "pitch": -18.0, "heading": 11.1875}, "linear_acceleration": {"y": -0.31, "z": -0.57, "x": 0.27}, "distance": {"cm": 45.55, "inches": 17.93}, "time": {"start": 1557974108139711, "scale": "microsecond"}}
{"quaternion": {"w": 0.984130859375, "y": -0.01141357421875, "z": -0.075927734375, "x": 0.15985107421875}, "imu_calibration": {"system": 3, "accelerometer": 3, "magnetometer": 3, "gyroscope": 3}, "euler_angles": {"roll": -0.0625, "pitch": -18.375, "heading": 9.0}, "linear_acceleration": {"y": 0.27, "z": 0.38, "x": -0.47}, "distance": {"cm": 45.63, "inches": 17.96}, "time": {"start": 1557974108204777, "scale": "microsecond"}}
{"quaternion": {"w": 0.98486328125, "y": -0.01007080078125, "z": -0.06597900390625, "x": 0.15997314453125}, "imu_calibration": {"system": 3, "accelerometer": 3, "magnetometer": 3, "gyroscope": 3}, "euler_angles": {"roll": -0.0625, "pitch": -18.4375, "heading": 7.625}, "linear_acceleration": {"y": -0.15, "z": -0.32, "x": 0.14}, "distance": {"cm": 45.58, "inches": 17.94}, "time": {"start": 1557974108277691, "scale": "microsecond"}}
{"quaternion": {"w": 0.98541259765625, "y": -0.01043701171875, "z": -0.0548095703125, "x": 0.16070556640625}, "imu_calibration": {"system": 3, "accelerometer": 3, "magnetometer": 3, "gyroscope": 3}, "euler_angles": {"roll": 0.125, "pitch": -18.5, "heading": 6.3125}, "linear_acceleration": {"y": -0.13, "z": -0.26, "x": -0.15}, "distance": {"cm": 45.71, "inches": 18.0}, "time": {"start": 1557974108340385, "scale": "microsecond"}}
{"quaternion": {"w": 0.98590087890625, "y": -0.01171875, "z": -0.0413818359375, "x": 0.1617431640625}, "imu_calibration": {"system": 3, "accelerometer": 3, "magnetometer": 3, "gyroscope": 3}, "euler_angles": {"roll": 0.4375, "pitch": -18.5625, "heading": 5.0}, "linear_acceleration": {"y": -0.06, "z": -0.28, "x": -0.01}, "distance": {"cm": 46.29, "inches": 18.23}, "time": {"start": 1557974108405218, "scale": "microsecond"}}
{"quaternion": {"w": 0.986328125, "y": -0.01031494140625, "z": -0.03399658203125, "x": 0.1610107421875}, "imu_calibration": {"system": 3, "accelerometer": 3, "magnetometer": 3, "gyroscope": 3}, "euler_angles": {"roll": 0.5, "pitch": -18.5, "heading": 3.9375}, "linear_acceleration": {"y": -0.28, "z": -0.55, "x": -0.2}, "distance": {"cm": 45.93, "inches": 18.08}, "time": {"start": 1557974108478162, "scale": "microsecond"}}
{"quaternion": {"w": 0.986083984375, "y": -0.01165771484375, "z": -0.0299072265625, "x": 0.16314697265625}, "imu_calibration": {"system": 3, "accelerometer": 3, "magnetometer": 3, "gyroscope": 3}, "euler_angles": {"roll": 0.75, "pitch": -18.8125, "heading": 3.4375}, "linear_acceleration": {"y": -0.06, "z": 0.06, "x": -0.05}, "distance": {"cm": 45.97, "inches": 18.1}, "time": {"start": 1557974108540996, "scale": "microsecond"}}
{"quaternion": {"w": 0.9859619140625, "y": -0.00921630859375, "z": -0.0279541015625, "x": 0.1644287109375}, "imu_calibration": {"system": 3, "accelerometer": 3, "magnetometer": 3, "gyroscope": 3}, "euler_angles": {"roll": 0.4375, "pitch": -18.875, "heading": 3.25}, "linear_acceleration": {"y": -0.09, "z": -0.22, "x": -0.05}, "distance": {"cm": 46.3, "inches": 18.23}, "time": {"start": 1557974108605954, "scale": "microsecond"}}
{"quaternion": {"w": 0.9857177734375, "y": -0.00970458984375, "z": -0.02691650390625, "x": 0.16595458984375}, "imu_calibration": {"system": 3, "accelerometer": 3, "magnetometer": 3, "gyroscope": 3}, "euler_angles": {"roll": 0.5625, "pitch": -19.125, "heading": 3.125}, "linear_acceleration": {"y": -0.14, "z": -0.18, "x": 0.04}, "distance": {"cm": 46.37, "inches": 18.26}, "time": {"start": 1557974108680188, "scale": "microsecond"}}
{"quaternion": {"w": 0.98565673828125, "y": -0.00933837890625, "z": -0.02606201171875, "x": 0.16650390625}, "imu_calibration": {"system": 3, "accelerometer": 3, "magnetometer": 3, "gyroscope": 3}, "euler_angles": {"roll": 0.5, "pitch": -19.125, "heading": 3.0}, "linear_acceleration": {"y": -0.12, "z": -0.16, "x": -0.17}, "distance": {"cm": 45.87, "inches": 18.06}, "time": {"start": 1557974108742534, "scale": "microsecond"}}
{"quaternion": {"w": 0.98553466796875, "y": -0.00787353515625, "z": -0.026123046875, "x": 0.1671142578125}, "imu_calibration": {"system": 3, "accelerometer": 3, "magnetometer": 3, "gyroscope": 3}, "euler_angles": {"roll": 0.375, "pitch": -19.25, "heading": 3.0}, "linear_acceleration": {"y": -0.03, "z": 0.03, "x": -0.07}, "distance": {"cm": 46.3, "inches": 18.23}, "time": {"start": 1557974108808198, "scale": "microsecond"}}
{"quaternion": {"w": 0.985595703125, "y": -0.00762939453125, "z": -0.02557373046875, "x": 0.1668701171875}, "imu_calibration": {"system": 3, "accelerometer": 3, "magnetometer": 3, "gyroscope": 3}, "euler_angles": {"roll": 0.3125, "pitch": -19.1875, "heading": 2.9375}, "linear_acceleration": {"y": 0.05, "z": -0.06, "x": -0.03}, "distance": {"cm": 46.23, "inches": 18.2}, "time": {"start": 1557974108879854, "scale": "microsecond"}}
{"quaternion": {"w": 0.98583984375, "y": -0.00482177734375, "z": -0.0272216796875, "x": 0.165283203125}, "imu_calibration": {"system": 3, "accelerometer": 3, "magnetometer": 3, "gyroscope": 3}, "euler_angles": {"roll": 0.0, "pitch": -19.0, "heading": 3.125}, "linear_acceleration": {"y": -0.12, "z": 0.0, "x": 0.28}, "distance": {"cm": 45.89, "inches": 18.07}, "time": {"start": 1557974108942734, "scale": "microsecond"}}
{"quaternion": {"w": 0.98638916015625, "y": -0.00286865234375, "z": -0.02752685546875, "x": 0.16192626953125}, "imu_calibration": {"system": 3, "accelerometer": 3, "magnetometer": 3, "gyroscope": 3}, "euler_angles": {"roll": -0.25, "pitch": -18.625, "heading": 3.1875}, "linear_acceleration": {"y": 0.09, "z": 0.17, "x": -0.19}, "distance": {"cm": 45.81, "inches": 18.04}, "time": {"start": 1557974109007301, "scale": "microsecond"}}
{"quaternion": {"w": 0.987060546875, "y": -0.0025634765625, "z": -0.0279541015625, "x": 0.157958984375}, "imu_calibration": {"system": 3, "accelerometer": 3, "magnetometer": 3, "gyroscope": 3}, "euler_angles": {"roll": -0.1875, "pitch": -18.125, "heading": 3.1875}, "linear_acceleration": {"y": -0.09, "z": -0.1, "x": 0.03}, "distance": {"cm": 45.8, "inches": 18.03}, "time": {"start": 1557974109080374, "scale": "microsecond"}}
{"quaternion": {"w": 0.98822021484375, "y": -0.00537109375, "z": -0.0286865234375, "x": 0.1500244140625}, "imu_calibration": {"system": 3, "accelerometer": 3, "magnetometer": 3, "gyroscope": 3}, "euler_angles": {"roll": 0.0625, "pitch": -17.25, "heading": 3.3125}, "linear_acceleration": {"y": -0.1, "z": -0.08, "x": 0.0}, "distance": {"cm": 45.89, "inches": 18.07}, "time": {"start": 1557974109148662, "scale": "microsecond"}}
{"quaternion": {"w": 0.98980712890625, "y": -0.00518798828125, "z": -0.02996826171875, "x": 0.13922119140625}, "imu_calibration": {"system": 3, "accelerometer": 3, "magnetometer": 3, "gyroscope": 3}, "euler_angles": {"roll": 0.0625, "pitch": -16.0, "heading": 3.4375}, "linear_acceleration": {"y": -0.02, "z": 0.43, "x": -0.06}, "distance": {"cm": 45.78, "inches": 18.02}, "time": {"start": 1557974109221934, "scale": "microsecond"}}
{"quaternion": {"w": 0.991943359375, "y": -0.0101318359375, "z": -0.0318603515625, "x": 0.12200927734375}, "imu_calibration": {"system": 3, "accelerometer": 3, "magnetometer": 3, "gyroscope": 3}, "euler_angles": {"roll": 0.6875, "pitch": -14.0, "heading": 3.625}, "linear_acceleration": {"y": 0.13, "z": 0.29, "x": 0.09}, "distance": {"cm": 46.94, "inches": 18.48}, "time": {"start": 1557974109288230, "scale": "microsecond"}}
{"quaternion": {"w": 0.993896484375, "y": -0.011474609375, "z": -0.03662109375, "x": 0.1036376953125}, "imu_calibration": {"system": 3, "accelerometer": 3, "magnetometer": 3, "gyroscope": 3}, "euler_angles": {"roll": 0.875, "pitch": -11.9375, "heading": 4.1875}, "linear_acceleration": {"y": -0.15, "z": -0.55, "x": -0.18}, "distance": {"cm": 45.74, "inches": 18.01}, "time": {"start": 1557974109353760, "scale": "microsecond"}}
{"quaternion": {"w": 0.9949951171875, "y": -0.0159912109375, "z": -0.03973388671875, "x": 0.0904541015625}, "imu_calibration": {"system": 3, "accelerometer": 3, "magnetometer": 3, "gyroscope": 3}, "euler_angles": {"roll": 1.375, "pitch": -10.4375, "heading": 4.5625}, "linear_acceleration": {"y": 0.07, "z": 0.26, "x": 0.25}, "distance": {"cm": 45.8, "inches": 18.03}, "time": {"start": 1557974109422552, "scale": "microsecond"}}
{"quaternion": {"w": 0.9967041015625, "y": -0.00439453125, "z": -0.041259765625, "x": 0.06939697265625}, "imu_calibration": {"system": 3, "accelerometer": 3, "magnetometer": 3, "gyroscope": 3}, "euler_angles": {"roll": 0.125, "pitch": -7.9375, "heading": 4.6875}, "linear_acceleration": {"y": -0.14, "z": -0.54, "x": 0.04}, "distance": {"cm": 45.39, "inches": 17.87}, "time": {"start": 1557974109488794, "scale": "microsecond"}}
{"quaternion": {"w": 0.99774169921875, "y": -0.00372314453125, "z": -0.04132080078125, "x": 0.05328369140625}, "imu_calibration": {"system": 3, "accelerometer": 3, "magnetometer": 3, "gyroscope": 3}, "euler_angles": {"roll": 0.125, "pitch": -6.0625, "heading": 4.6875}, "linear_acceleration": {"y": -0.17, "z": -0.21, "x": 0.04}, "distance": {"cm": 45.56, "inches": 17.94}, "time": {"start": 1557974109554295, "scale": "microsecond"}}
{"quaternion": {"w": 0.99859619140625, "y": 0.0023193359375, "z": -0.04150390625, "x": 0.033203125}, "imu_calibration": {"system": 3, "accelerometer": 3, "magnetometer": 3, "gyroscope": 3}, "euler_angles": {"roll": -0.375, "pitch": -3.75, "heading": 4.75}, "linear_acceleration": {"y": 0.02, "z": 0.09, "x": 0.0}, "distance": {"cm": 45.65, "inches": 17.97}, "time": {"start": 1557974109623188, "scale": "microsecond"}}
{"quaternion": {"w": 0.9989013671875, "y": 0.01324462890625, "z": -0.04364013671875, "x": 0.01287841796875}, "imu_calibration": {"system": 3, "accelerometer": 3, "magnetometer": 3, "gyroscope": 3}, "euler_angles": {"roll": -1.5625, "pitch": -1.375, "heading": 5.0}, "linear_acceleration": {"y": -0.08, "z": -0.27, "x": -0.2}, "distance": {"cm": 45.95, "inches": 18.09}, "time": {"start": 1557974109691648, "scale": "microsecond"}}
{"quaternion": {"w": 0.998779296875, "y": 0.017333984375, "z": -0.0457763671875, "x": -0.00482177734375}, "imu_calibration": {"system": 3, "accelerometer": 3, "magnetometer": 3, "gyroscope": 3}, "euler_angles": {"roll": -1.9375, "pitch": 0.625, "heading": 5.25}, "linear_acceleration": {"y": 0.0, "z": -0.2, "x": 0.48}, "distance": {"cm": 45.75, "inches": 18.01}, "time": {"start": 1557974109755003, "scale": "microsecond"}}
{"quaternion": {"w": 0.99847412109375, "y": 0.02105712890625, "z": -0.046142578125, "x": -0.02239990234375}, "imu_calibration": {"system": 3, "accelerometer": 3, "magnetometer": 3, "gyroscope": 3}, "euler_angles": {"roll": -2.25, "pitch": 2.625, "heading": 5.25}, "linear_acceleration": {"y": -0.04, "z": -0.05, "x": 0.17}, "distance": {"cm": 46.22, "inches": 18.2}, "time": {"start": 1557974109823761, "scale": "microsecond"}}
{"quaternion": {"w": 0.99774169921875, "y": 0.02972412109375, "z": -0.0467529296875, "x": -0.0380859375}, "imu_calibration": {"system": 3, "accelerometer": 3, "magnetometer": 3, "gyroscope": 3}, "euler_angles": {"roll": -3.1875, "pitch": 4.5, "heading": 5.3125}, "linear_acceleration": {"y": -0.19, "z": -1.15, "x": 0.13}, "distance": {"cm": 46.33, "inches": 18.24}, "time": {"start": 1557974109890338, "scale": "microsecond"}}
{"quaternion": {"w": 0.99749755859375, "y": 0.02960205078125, "z": -0.04547119140625, "x": -0.04522705078125}, "imu_calibration": {"system": 3, "accelerometer": 3, "magnetometer": 3, "gyroscope": 3}, "euler_angles": {"roll": -3.0625, "pitch": 5.25, "heading": 5.1875}, "linear_acceleration": {"y": -0.26, "z": -0.52, "x": 0.1}, "distance": {"cm": 46.53, "inches": 18.32}, "time": {"start": 1557974109960395, "scale": "microsecond"}}
{"quaternion": {"w": 0.997314453125, "y": 0.03338623046875, "z": -0.04498291015625, "x": -0.04742431640625}, "imu_calibration": {"system": 3, "accelerometer": 3, "magnetometer": 3, "gyroscope": 3}, "euler_angles": {"roll": -3.5625, "pitch": 5.5625, "heading": 5.125}, "linear_acceleration": {"y": 0.01, "z": -0.54, "x": -0.55}, "distance": {"cm": 46.46, "inches": 18.29}, "time": {"start": 1557974110033608, "scale": "microsecond"}}
{"quaternion": {"w": 0.997314453125, "y": 0.03228759765625, "z": -0.046630859375, "x": -0.0458984375}, "imu_calibration": {"system": 3, "accelerometer": 3, "magnetometer": 3, "gyroscope": 3}, "euler_angles": {"roll": -3.4375, "pitch": 5.4375, "heading": 5.3125}, "linear_acceleration": {"y": -0.03, "z": -0.14, "x": 0.16}, "distance": {"cm": 46.51, "inches": 18.31}, "time": {"start": 1557974110096399, "scale": "microsecond"}}
{"quaternion": {"w": 0.99737548828125, "y": 0.03302001953125, "z": -0.0477294921875, "x": -0.04296875}, "imu_calibration": {"system": 3, "accelerometer": 3, "magnetometer": 3, "gyroscope": 3}, "euler_angles": {"roll": -3.5, "pitch": 5.125, "heading": 5.4375}, "linear_acceleration": {"y": -0.12, "z": -0.28, "x": -0.07}, "distance": {"cm": 46.45, "inches": 18.29}, "time": {"start": 1557974110161103, "scale": "microsecond"}}
{"quaternion": {"w": 0.99755859375, "y": 0.031005859375, "z": -0.047607421875, "x": -0.03997802734375}, "imu_calibration": {"system": 3, "accelerometer": 3, "magnetometer": 3, "gyroscope": 3}, "euler_angles": {"roll": -3.3125, "pitch": 4.75, "heading": 5.4375}, "linear_acceleration": {"y": 0.06, "z": -0.14, "x": -0.19}, "distance": {"cm": 46.32, "inches": 18.24}, "time": {"start": 1557974110234849, "scale": "microsecond"}}
{"quaternion": {"w": 0.99749755859375, "y": 0.03265380859375, "z": -0.049560546875, "x": -0.03851318359375}, "imu_calibration": {"system": 3, "accelerometer": 3, "magnetometer": 3, "gyroscope": 3}, "euler_angles": {"roll": -3.5, "pitch": 4.5625, "heading": 5.6875}, "linear_acceleration": {"y": -0.15, "z": -0.16, "x": 0.26}, "distance": {"cm": 46.35, "inches": 18.25}, "time": {"start": 1557974110304621, "scale": "microsecond"}}
{"quaternion": {"w": 0.99761962890625, "y": 0.03228759765625, "z": -0.04766845703125, "x": -0.0377197265625}, "imu_calibration": {"system": 3, "accelerometer": 3, "magnetometer": 3, "gyroscope": 3}, "euler_angles": {"roll": -3.4375, "pitch": 4.5, "heading": 5.5}, "linear_acceleration": {"y": 0.06, "z": -0.15, "x": -0.32}, "distance": {"cm": 46.43, "inches": 18.28}, "time": {"start": 1557974110371149, "scale": "microsecond"}}
{"quaternion": {"w": 0.99755859375, "y": 0.0321044921875, "z": -0.05023193359375, "x": -0.03668212890625}, "imu_calibration": {"system": 3, "accelerometer": 3, "magnetometer": 3, "gyroscope": 3}, "euler_angles": {"roll": -3.4375, "pitch": 4.375, "heading": 5.75}, "linear_acceleration": {"y": 0.04, "z": -0.16, "x": -0.05}, "distance": {"cm": 46.39, "inches": 18.26}, "time": {"start": 1557974110436370, "scale": "microsecond"}}
{"quaternion": {"w": 0.99749755859375, "y": 0.03363037109375, "z": -0.05047607421875, "x": -0.03546142578125}, "imu_calibration": {"system": 3, "accelerometer": 3, "magnetometer": 3, "gyroscope": 3}, "euler_angles": {"roll": -3.625, "pitch": 4.25, "heading": 5.75}, "linear_acceleration": {"y": -0.08, "z": -0.17, "x": 0.27}, "distance": {"cm": 46.49, "inches": 18.3}, "time": {"start": 1557974110502409, "scale": "microsecond"}}
{"quaternion": {"w": 0.99755859375, "y": 0.03399658203125, "z": -0.0498046875, "x": -0.03460693359375}, "imu_calibration": {"system": 3, "accelerometer": 3, "magnetometer": 3, "gyroscope": 3}, "euler_angles": {"roll": -3.6875, "pitch": 4.1875, "heading": 5.6875}, "linear_acceleration": {"y": 0.07, "z": -0.05, "x": 0.07}, "distance": {"cm": 46.53, "inches": 18.32}, "time": {"start": 1557974110567490, "scale": "microsecond"}}
{"quaternion": {"w": 0.99761962890625, "y": 0.034423828125, "z": -0.04949951171875, "x": -0.033935546875}, "imu_calibration": {"system": 3, "accelerometer": 3, "magnetometer": 3, "gyroscope": 3}, "euler_angles": {"roll": -3.6875, "pitch": 4.0625, "heading": 5.625}, "linear_acceleration": {"y": 0.08, "z": -0.12, "x": -0.24}, "distance": {"cm": 46.56, "inches": 18.33}, "time": {"start": 1557974110637377, "scale": "microsecond"}}
{"quaternion": {"w": 0.99755859375, "y": 0.03546142578125, "z": -0.0501708984375, "x": -0.03375244140625}, "imu_calibration": {"system": 3, "accelerometer": 3, "magnetometer": 3, "gyroscope": 3}, "euler_angles": {"roll": -3.8125, "pitch": 4.0625, "heading": 5.75}, "linear_acceleration": {"y": 0.02, "z": -0.08, "x": -0.13}, "distance": {"cm": 46.92, "inches": 18.47}, "time": {"start": 1557974110702843, "scale": "microsecond"}}
{"quaternion": {"w": 0.99737548828125, "y": 0.03802490234375, "z": -0.0516357421875, "x": -0.0335693359375}, "imu_calibration": {"system": 3, "accelerometer": 3, "magnetometer": 3, "gyroscope": 3}, "euler_angles": {"roll": -4.125, "pitch": 4.0625, "heading": 5.875}, "linear_acceleration": {"y": 0.0, "z": -0.25, "x": -0.13}, "distance": {"cm": 46.81, "inches": 18.43}, "time": {"start": 1557974110777820, "scale": "microsecond"}}
{"quaternion": {"w": 0.99725341796875, "y": 0.03851318359375, "z": -0.054443359375, "x": -0.032958984375}, "imu_calibration": {"system": 3, "accelerometer": 3, "magnetometer": 3, "gyroscope": 3}, "euler_angles": {"roll": -4.1875, "pitch": 4.0, "heading": 6.1875}, "linear_acceleration": {"y": -0.17, "z": -0.51, "x": 0.0}, "distance": {"cm": 46.91, "inches": 18.47}, "time": {"start": 1557974110844431, "scale": "microsecond"}}
{"quaternion": {"w": 0.99713134765625, "y": 0.0390625, "z": -0.05706787109375, "x": -0.0311279296875}, "imu_calibration": {"system": 3, "accelerometer": 3, "magnetometer": 3, "gyroscope": 3}, "euler_angles": {"roll": -4.25, "pitch": 3.8125, "heading": 6.5}, "linear_acceleration": {"y": 0.04, "z": -0.01, "x": 0.24}, "distance": {"cm": 47.19, "inches": 18.58}, "time": {"start": 1557974110908941, "scale": "microsecond"}}
{"quaternion": {"w": 0.99688720703125, "y": 0.041015625, "z": -0.06005859375, "x": -0.0301513671875}, "imu_calibration": {"system": 3, "accelerometer": 3, "magnetometer": 3, "gyroscope": 3}, "euler_angles": {"roll": -4.4375, "pitch": 3.6875, "heading": 6.875}, "linear_acceleration": {"y": -0.19, "z": -0.14, "x": 0.45}, "distance": {"cm": 47.24, "inches": 18.6}, "time": {"start": 1557974110977657, "scale": "microsecond"}}
{"quaternion": {"w": 0.99688720703125, "y": 0.042236328125, "z": -0.05963134765625, "x": -0.02886962890625}, "imu_calibration": {"system": 3, "accelerometer": 3, "magnetometer": 3, "gyroscope": 3}, "euler_angles": {"roll": -4.625, "pitch": 3.5625, "heading": 6.8125}, "linear_acceleration": {"y": -0.13, "z": -0.13, "x": -0.28}, "distance": {"cm": 47.29, "inches": 18.62}, "time": {"start": 1557974111044056, "scale": "microsecond"}}
{"quaternion": {"w": 0.99688720703125, "y": 0.042236328125, "z": -0.06048583984375, "x": -0.02734375}, "imu_calibration": {"system": 3, "accelerometer": 3, "magnetometer": 3, "gyroscope": 3}, "euler_angles": {"roll": -4.625, "pitch": 3.375, "heading": 6.9375}, "linear_acceleration": {"y": -0.07, "z": 0.18, "x": 0.21}, "distance": {"cm": 47.36, "inches": 18.64}, "time": {"start": 1557974111109192, "scale": "microsecond"}}
{"quaternion": {"w": 0.99688720703125, "y": 0.04290771484375, "z": -0.0604248046875, "x": -0.027587890625}, "imu_calibration": {"system": 3, "accelerometer": 3, "magnetometer": 3, "gyroscope": 3}, "euler_angles": {"roll": -4.6875, "pitch": 3.4375, "heading": 6.875}, "linear_acceleration": {"y": 0.0, "z": -0.17, "x": 0.06}, "distance": {"cm": 47.36, "inches": 18.64}, "time": {"start": 1557974111177952, "scale": "microsecond"}}
{"quaternion": {"w": 0.996826171875, "y": 0.0439453125, "z": -0.06024169921875, "x": -0.0284423828125}, "imu_calibration": {"system": 3, "accelerometer": 3, "magnetometer": 3, "gyroscope": 3}, "euler_angles": {"roll": -4.75, "pitch": 3.5, "heading": 6.875}, "linear_acceleration": {"y": -0.15, "z": -0.47, "x": -0.05}, "distance": {"cm": 46.83, "inches": 18.44}, "time": {"start": 1557974111240662, "scale": "microsecond"}}
{"quaternion": {"w": 0.996826171875, "y": 0.0440673828125, "z": -0.06011962890625, "x": -0.02728271484375}, "imu_calibration": {"system": 3, "accelerometer": 3, "magnetometer": 3, "gyroscope": 3}, "euler_angles": {"roll": -4.8125, "pitch": 3.375, "heading": 6.875}, "linear_acceleration": {"y": 0.1, "z": 0.01, "x": 0.01}, "distance": {"cm": 47.43, "inches": 18.67}, "time": {"start": 1557974111306490, "scale": "microsecond"}}
{"quaternion": {"w": 0.996826171875, "y": 0.0447998046875, "z": -0.0601806640625, "x": -0.027099609375}, "imu_calibration": {"system": 3, "accelerometer": 3, "magnetometer": 3, "gyroscope": 3}, "euler_angles": {"roll": -4.875, "pitch": 3.375, "heading": 6.875}, "linear_acceleration": {"y": -0.03, "z": -0.19, "x": -0.15}, "distance": {"cm": 47.38, "inches": 18.65}, "time": {"start": 1557974111370449, "scale": "microsecond"}}
{"quaternion": {"w": 0.996826171875, "y": 0.04461669921875, "z": -0.0604248046875, "x": -0.026123046875}, "imu_calibration": {"system": 3, "accelerometer": 3, "magnetometer": 3, "gyroscope": 3}, "euler_angles": {"roll": -4.875, "pitch": 3.25, "heading": 6.9375}, "linear_acceleration": {"y": 0.01, "z": 0.0, "x": -0.03}, "distance": {"cm": 47.46, "inches": 18.68}, "time": {"start": 1557974111437677, "scale": "microsecond"}}
{"quaternion": {"w": 0.99676513671875, "y": 0.04595947265625, "z": -0.06011962890625, "x": -0.0260009765625}, "imu_calibration": {"system": 3, "accelerometer": 3, "magnetometer": 3, "gyroscope": 3}, "euler_angles": {"roll": -5.0625, "pitch": 3.25, "heading": 6.875}, "linear_acceleration": {"y": -0.05, "z": -0.22, "x": -0.06}, "distance": {"cm": 47.03, "inches": 18.51}, "time": {"start": 1557974111500472, "scale": "microsecond"}}
{"quaternion": {"w": 0.9967041015625, "y": 0.04754638671875, "z": -0.06085205078125, "x": -0.02508544921875}, "imu_calibration": {"system": 3, "accelerometer": 3, "magnetometer": 3, "gyroscope": 3}, "euler_angles": {"roll": -5.1875, "pitch": 3.1875, "heading": 6.9375}, "linear_acceleration": {"y": -0.11, "z": -0.18, "x": -0.05}, "distance": {"cm": 47.55, "inches": 18.72}, "time": {"start": 1557974111568031, "scale": "microsecond"}}
{"quaternion": {"w": 0.99664306640625, "y": 0.04803466796875, "z": -0.06109619140625, "x": -0.02508544921875}, "imu_calibration": {"system": 3, "accelerometer": 3, "magnetometer": 3, "gyroscope": 3}, "euler_angles": {"roll": -5.3125, "pitch": 3.1875, "heading": 7.0}, "linear_acceleration": {"y": 0.04, "z": -0.01, "x": 0.16}, "distance": {"cm": 47.52, "inches": 18.71}, "time": {"start": 1557974111640339, "scale": "microsecond"}}
{"quaternion": {"w": 0.996337890625, "y": 0.05120849609375, "z": -0.06298828125, "x": -0.0260009765625}, "imu_calibration": {"system": 3, "accelerometer": 3, "magnetometer": 3, "gyroscope": 3}, "euler_angles": {"roll": -5.625, "pitch": 3.3125, "heading": 7.1875}, "linear_acceleration": {"y": 0.06, "z": -0.37, "x": 0.04}, "distance": {"cm": 47.6, "inches": 18.74}, "time": {"start": 1557974111706276, "scale": "microsecond"}}
{"quaternion": {"w": 0.9962158203125, "y": 0.052490234375, "z": -0.06475830078125, "x": -0.02520751953125}, "imu_calibration": {"system": 3, "accelerometer": 3, "magnetometer": 3, "gyroscope": 3}, "euler_angles": {"roll": -5.75, "pitch": 3.25, "heading": 7.375}, "linear_acceleration": {"y": 0.09, "z": -0.4, "x": 0.07}, "distance": {"cm": 47.66, "inches": 18.76}, "time": {"start": 1557974111771355, "scale": "microsecond"}}
{"quaternion": {"w": 0.9962158203125, "y": 0.05279541015625, "z": -0.06494140625, "x": -0.0238037109375}, "imu_calibration": {"system": 3, "accelerometer": 3, "magnetometer": 3, "gyroscope": 3}, "euler_angles": {"roll": -5.8125, "pitch": 3.125, "heading": 7.4375}, "linear_acceleration": {"y": 0.01, "z": -0.19, "x": -0.24}, "distance": {"cm": 47.61, "inches": 18.74}, "time": {"start": 1557974111840968, "scale": "microsecond"}}
{"quaternion": {"w": 0.99609375, "y": 0.053955078125, "z": -0.0665283203125, "x": -0.02215576171875}, "imu_calibration": {"system": 3, "accelerometer": 3, "magnetometer": 3, "gyroscope": 3}, "euler_angles": {"roll": -6.0, "pitch": 2.9375, "heading": 7.625}, "linear_acceleration": {"y": -0.13, "z": -0.29, "x": 0.08}, "distance": {"cm": 47.87, "inches": 18.85}, "time": {"start": 1557974111907633, "scale": "microsecond"}}
{"quaternion": {"w": 0.99603271484375, "y": 0.0538330078125, "z": -0.0673828125, "x": -0.02099609375}, "imu_calibration": {"system": 3, "accelerometer": 3, "magnetometer": 3, "gyroscope": 3}, "euler_angles": {"roll": -5.9375, "pitch": 2.8125, "heading": 7.6875}, "linear_acceleration": {"y": -0.11, "z": -0.13, "x": 0.08}, "distance": {"cm": 47.85, "inches": 18.84}, "time": {"start": 1557974111981307, "scale": "microsecond"}}
{"quaternion": {"w": 0.9959716796875, "y": 0.0540771484375, "z": -0.06842041015625, "x": -0.01983642578125}, "imu_calibration": {"system": 3, "accelerometer": 3, "magnetometer": 3, "gyroscope": 3}, "euler_angles": {"roll": -6.0, "pitch": 2.6875, "heading": 7.8125}, "linear_acceleration": {"y": -0.12, "z": 0.13, "x": 0.04}, "distance": {"cm": 47.87, "inches": 18.85}, "time": {"start": 1557974112047807, "scale": "microsecond"}}
{"quaternion": {"w": 0.99591064453125, "y": 0.05413818359375, "z": -0.0692138671875, "x": -0.02032470703125}, "imu_calibration": {"system": 3, "accelerometer": 3, "magnetometer": 3, "gyroscope": 3}, "euler_angles": {"roll": -6.0, "pitch": 2.75, "heading": 7.875}, "linear_acceleration": {"y": -0.2, "z": -0.31, "x": -0.06}, "distance": {"cm": 47.86, "inches": 18.84}, "time": {"start": 1557974112119869, "scale": "microsecond"}}
