{"quaternion": {"w": 0.995361328125, "y": 0.06341552734375, "z": -0.07086181640625, "x": -0.0137939453125}, "imu_calibration": {"system": 3, "accelerometer": 3, "magnetometer": 3, "gyroscope": 3}, "euler_angles": {"roll": -7.125, "pitch": 2.0625, "heading": 8.125}, "linear_acceleration": {"y": 0.0, "z": -0.08, "x": 0.07}, "distance": {"cm": 47.91, "inches": 18.86}, "time": {"start": 1557974113239075, "scale": "microsecond"}}
{"quaternion": {"w": 0.9954833984375, "y": 0.0628662109375, "z": -0.06982421875, "x": -0.013916015625}, "imu_calibration": {"system": 3, "accelerometer": 3, "magnetometer": 3, "gyroscope": 3}, "euler_angles": {"roll": -7.0625, "pitch": 2.0625, "heading": 8.0}, "linear_acceleration": {"y": -0.11, "z": -0.1, "x": 0.21}, "distance": {"cm": 48.02, "inches": 18.9}, "time": {"start": 1557974113305759, "scale": "microsecond"}}
{"quaternion": {"w": 0.9957275390625, "y": 0.06207275390625, "z": -0.06695556640625, "x": -0.013916015625}, "imu_calibration": {"system": 3, "accelerometer": 3, "magnetometer": 3, "gyroscope": 3}, "euler_angles": {"roll": -7.0, "pitch": 2.0625, "heading": 7.6875}, "linear_acceleration": {"y": 0.02, "z": -0.11, "x": -0.1}, "distance": {"cm": 47.95, "inches": 18.88}, "time": {"start": 1557974113371595, "scale": "microsecond"}}
{"quaternion": {"w": 0.99591064453125, "y": 0.061279296875, "z": -0.06451416015625, "x": -0.01470947265625}, "imu_calibration": {"system": 3, "accelerometer": 3, "magnetometer": 3, "gyroscope": 3}, "euler_angles": {"roll": -6.875, "pitch": 2.125, "heading": 7.375}, "linear_acceleration": {"y": -0.01, "z": -0.16, "x": -0.03}, "distance": {"cm": 47.87, "inches": 18.85}, "time": {"start": 1557974113445639, "scale": "microsecond"}}
{"quaternion": {"w": 0.9962158203125, "y": 0.05926513671875, "z": -0.0621337890625, "x": -0.01507568359375}, "imu_calibration": {"system": 3, "accelerometer": 3, "magnetometer": 3, "gyroscope": 3}, "euler_angles": {"roll": -6.625, "pitch": 2.125, "heading": 7.125}, "linear_acceleration": {"y": 0.05, "z": -0.03, "x": 0.3}, "distance": {"cm": 47.98, "inches": 18.89}, "time": {"start": 1557974113512728, "scale": "microsecond"}}
{"quaternion": {"w": 0.9964599609375, "y": 0.05841064453125, "z": -0.05828857421875, "x": -0.015869140625}, "imu_calibration": {"system": 3, "accelerometer": 3, "magnetometer": 3, "gyroscope": 3}, "euler_angles": {"roll": -6.5625, "pitch": 2.1875, "heading": 6.75}, "linear_acceleration": {"y": 0.0, "z": -0.19, "x": -0.07}, "distance": {"cm": 47.88, "inches": 18.85}, "time": {"start": 1557974113577744, "scale": "microsecond"}}
{"quaternion": {"w": 0.99676513671875, "y": 0.05633544921875, "z": -0.05560302734375, "x": -0.015380859375}, "imu_calibration": {"system": 3, "accelerometer": 3, "magnetometer": 3, "gyroscope": 3}, "euler_angles": {"roll": -6.375, "pitch": 2.125, "heading": 6.375}, "linear_acceleration": {"y": -0.11, "z": -0.15, "x": 0.04}, "distance": {"cm": 47.74, "inches": 18.79}, "time": {"start": 1557974113648453, "scale": "microsecond"}}
{"quaternion": {"w": 0.9969482421875, "y": 0.05517578125, "z": -0.05316162109375, "x": -0.01507568359375}, "imu_calibration": {"system": 3, "accelerometer": 3, "magnetometer": 3, "gyroscope": 3}, "euler_angles": {"roll": -6.1875, "pitch": 2.0625, "heading": 6.0625}, "linear_acceleration": {"y": 0.03, "z": -0.05, "x": 0.07}, "distance": {"cm": 47.92, "inches": 18.87}, "time": {"start": 1557974113715647, "scale": "microsecond"}}
{"quaternion": {"w": 0.99725341796875, "y": 0.0537109375, "z": -0.04931640625, "x": -0.01483154296875}, "imu_calibration": {"system": 3, "accelerometer": 3, "magnetometer": 3, "gyroscope": 3}, "euler_angles": {"roll": -6.0, "pitch": 2.0, "heading": 5.625}, "linear_acceleration": {"y": -0.12, "z": -0.3, "x": 0.12}, "distance": {"cm": 47.85, "inches": 18.84}, "time": {"start": 1557974113786856, "scale": "microsecond"}}
{"quaternion": {"w": 0.9974365234375, "y": 0.05328369140625, "z": -0.04522705078125, "x": -0.0145263671875}, "imu_calibration": {"system": 3, "accelerometer": 3, "magnetometer": 3, "gyroscope": 3}, "euler_angles": {"roll": -6.0, "pitch": 1.9375, "heading": 5.1875}, "linear_acceleration": {"y": -0.06, "z": -0.07, "x": -0.03}, "distance": {"cm": 47.86, "inches": 18.84}, "time": {"start": 1557974113854610, "scale": "microsecond"}}
{"quaternion": {"w": 0.9976806640625, "y": 0.05230712890625, "z": -0.04132080078125, "x": -0.013916015625}, "imu_calibration": {"system": 3, "accelerometer": 3, "magnetometer": 3, "gyroscope": 3}, "euler_angles": {"roll": -5.875, "pitch": 1.8125, "heading": 4.75}, "linear_acceleration": {"y": 0.02, "z": -0.2, "x": -0.08}, "distance": {"cm": 47.83, "inches": 18.83}, "time": {"start": 1557974113923087, "scale": "microsecond"}}
{"quaternion": {"w": 0.997802734375, "y": 0.0513916015625, "z": -0.03912353515625, "x": -0.01300048828125}, "imu_calibration": {"system": 3, "accelerometer": 3, "magnetometer": 3, "gyroscope": 3}, "euler_angles": {"roll": -5.8125, "pitch": 1.6875, "heading": 4.4375}, "linear_acceleration": {"y": -0.05, "z": -0.43, "x": 0.14}, "distance": {"cm": 47.93, "inches": 18.87}, "time": {"start": 1557974113996874, "scale": "microsecond"}}
{"quaternion": {"w": 0.99798583984375, "y": 0.050537109375, "z": -0.03631591796875, "x": -0.01153564453125}, "imu_calibration": {"system": 3, "accelerometer": 3, "magnetometer": 3, "gyroscope": 3}, "euler_angles": {"roll": -5.6875, "pitch": 1.5, "heading": 4.125}, "linear_acceleration": {"y": -0.16, "z": -0.2, "x": 0.16}, "distance": {"cm": 47.73, "inches": 18.79}, "time": {"start": 1557974114059269, "scale": "microsecond"}}
{"quaternion": {"w": 0.998291015625, "y": 0.04754638671875, "z": -0.03155517578125, "x": -0.0107421875}, "imu_calibration": {"system": 3, "accelerometer": 3, "magnetometer": 3, "gyroscope": 3}, "euler_angles": {"roll": -5.4375, "pitch": 1.375, "heading": 3.6875}, "linear_acceleration": {"y": -0.2, "z": -0.01, "x": 0.53}, "distance": {"cm": 47.63, "inches": 18.75}, "time": {"start": 1557974114124962, "scale": "microsecond"}}
{"quaternion": {"w": 0.9986572265625, "y": 0.0435791015625, "z": -0.02606201171875, "x": -0.01055908203125}, "imu_calibration": {"system": 3, "accelerometer": 3, "magnetometer": 3, "gyroscope": 3}, "euler_angles": {"roll": -4.9375, "pitch": 1.3125, "heading": 2.9375}, "linear_acceleration": {"y": 0.03, "z": 0.0, "x": 0.57}, "distance": {"cm": 47.48, "inches": 18.69}, "time": {"start": 1557974114196496, "scale": "microsecond"}}
{"quaternion": {"w": 0.99908447265625, "y": 0.03814697265625, "z": -0.0155029296875, "x": -0.01031494140625}, "imu_calibration": {"system": 3, "accelerometer": 3, "magnetometer": 3, "gyroscope": 3}, "euler_angles": {"roll": -4.3125, "pitch": 1.25, "heading": 1.75}, "linear_acceleration": {"y": 0.03, "z": 0.18, "x": -0.08}, "distance": {"cm": 47.48, "inches": 18.69}, "time": {"start": 1557974114264152, "scale": "microsecond"}}
{"quaternion": {"w": 0.999267578125, "y": 0.03533935546875, "z": -0.00531005859375, "x": -0.0125732421875}, "imu_calibration": {"system": 3, "accelerometer": 3, "magnetometer": 3, "gyroscope": 3}, "euler_angles": {"roll": -4.125, "pitch": 1.4375, "heading": 0.75}, "linear_acceleration": {"y": -0.19, "z": -0.17, "x": -0.04}, "distance": {"cm": 47.34, "inches": 18.64}, "time": {"start": 1557974114330138, "scale": "microsecond"}}
{"quaternion": {"w": 0.99945068359375, "y": 0.0306396484375, "z": 0.004638671875, "x": -0.01348876953125}, "imu_calibration": {"system": 3, "accelerometer": 3, "magnetometer": 3, "gyroscope": 3}, "euler_angles": {"roll": -3.5, "pitch": 1.5, "heading": 359.4375}, "linear_acceleration": {"y": -0.09, "z": -0.15, "x": 0.0}, "distance": {"cm": 47.55, "inches": 18.72}, "time": {"start": 1557974114398179, "scale": "microsecond"}}
{"quaternion": {"w": 0.99945068359375, "y": 0.0240478515625, "z": 0.01702880859375, "x": -0.0142822265625}, "imu_calibration": {"system": 3, "accelerometer": 3, "magnetometer": 3, "gyroscope": 3}, "euler_angles": {"roll": -2.75, "pitch": 1.5625, "heading": 358.0}, "linear_acceleration": {"y": -0.22, "z": -0.48, "x": 0.35}, "distance": {"cm": 47.57, "inches": 18.73}, "time": {"start": 1557974114466071, "scale": "microsecond"}}
{"quaternion": {"w": 0.999267578125, "y": 0.0147705078125, "z": 0.033203125, "x": -0.013916015625}, "imu_calibration": {"system": 3, "accelerometer": 3, "magnetometer": 3, "gyroscope": 3}, "euler_angles": {"roll": -1.875, "pitch": 1.5625, "heading": 356.4375}, "linear_acceleration": {"y": -0.1, "z": -0.41, "x": 0.54}, "distance": {"cm": 47.59, "inches": 18.73}, "time": {"start": 1557974114530905, "scale": "microsecond"}}
{"quaternion": {"w": 0.99853515625, "y": 0.00689697265625, "z": 0.0521240234375, "x": -0.0125732421875}, "imu_calibration": {"system": 3, "accelerometer": 3, "magnetometer": 3, "gyroscope": 3}, "euler_angles": {"roll": -0.8125, "pitch": 1.375, "heading": 354.0}, "linear_acceleration": {"y": -0.25, "z": -0.21, "x": -0.01}, "distance": {"cm": 47.88, "inches": 18.85}, "time": {"start": 1557974114598132, "scale": "microsecond"}}
{"quaternion": {"w": 0.99700927734375, "y": -0.00384521484375, "z": 0.07696533203125, "x": -0.0086669921875}, "imu_calibration": {"system": 3, "accelerometer": 3, "magnetometer": 3, "gyroscope": 3}, "euler_angles": {"roll": 0.3125, "pitch": 1.0, "heading": 351.125}, "linear_acceleration": {"y": -0.25, "z": 0.19, "x": 0.73}, "distance": {"cm": 1446.81, "inches": 569.61}, "time": {"start": 1557974114666818, "scale": "microsecond"}}
{"quaternion": {"w": 0.98828125, "y": -0.01995849609375, "z": 0.15106201171875, "x": -0.005126953125}, "imu_calibration": {"system": 3, "accelerometer": 3, "magnetometer": 3, "gyroscope": 3}, "euler_angles": {"roll": 2.125, "pitch": 0.875, "heading": 342.5625}, "linear_acceleration": {"y": 0.07, "z": -0.03, "x": 0.01}, "distance": {"cm": 1540.84, "inches": 606.63}, "time": {"start": 1557974114812236, "scale": "microsecond"}}
{"quaternion": {"w": 0.972412109375, "y": -0.02618408203125, "z": 0.23175048828125, "x": 0.0023193359375}, "imu_calibration": {"system": 3, "accelerometer": 3, "magnetometer": 3, "gyroscope": 3}, "euler_angles": {"roll": 2.9375, "pitch": 0.4375, "heading": 333.1875}, "linear_acceleration": {"y": 0.12, "z": -0.7, "x": 0.52}, "distance": {"cm": 1568.07, "inches": 617.35}, "time": {"start": 1557974114962524, "scale": "microsecond"}}
{"quaternion": {"w": 0.94793701171875, "y": -0.0064697265625, "z": 0.31817626953125, "x": 0.01220703125}, "imu_calibration": {"system": 3, "accelerometer": 3, "magnetometer": 3, "gyroscope": 3}, "euler_angles": {"roll": 1.3125, "pitch": -0.8125, "heading": 323.625}, "linear_acceleration": {"y": -0.27, "z": -0.84, "x": 1.33}, "distance": {"cm": 1568.04, "inches": 617.34}, "time": {"start": 1557974115114521, "scale": "microsecond"}}
{"quaternion": {"w": 0.90606689453125, "y": 0.04156494140625, "z": 0.4207763671875, "x": 0.0145263671875}, "imu_calibration": {"system": 3, "accelerometer": 3, "magnetometer": 3, "gyroscope": 3}, "euler_angles": {"roll": -3.25, "pitch": -3.375, "heading": 311.0625}, "linear_acceleration": {"y": -0.58, "z": -0.81, "x": -0.48}, "distance": {"cm": 184.37, "inches": 72.59}, "time": {"start": 1557974115266996, "scale": "microsecond"}}
{"quaternion": {"w": 0.882080078125, "y": 0.05059814453125, "z": 0.46826171875, "x": 0.010498046875}, "imu_calibration": {"system": 3, "accelerometer": 3, "magnetometer": 3, "gyroscope": 3}, "euler_angles": {"roll": -4.5, "pitch": -3.75, "heading": 304.0625}, "linear_acceleration": {"y": -0.29, "z": -1.14, "x": -1.16}, "distance": {"cm": 147.3, "inches": 57.99}, "time": {"start": 1557974115338106, "scale": "microsecond"}}
{"quaternion": {"w": 0.86297607421875, "y": 0.06146240234375, "z": 0.50146484375, "x": 0.01031494140625}, "imu_calibration": {"system": 3, "accelerometer": 3, "magnetometer": 3, "gyroscope": 3}, "euler_angles": {"roll": -5.4375, "pitch": -4.5625, "heading": 299.625}, "linear_acceleration": {"y": 0.47, "z": -1.5, "x": -1.09}, "distance": {"cm": 139.64, "inches": 54.98}, "time": {"start": 1557974115409008, "scale": "microsecond"}}
{"quaternion": {"w": 0.85015869140625, "y": 0.07708740234375, "z": 0.5206298828125, "x": 0.01336669921875}, "imu_calibration": {"system": 3, "accelerometer": 3, "magnetometer": 3, "gyroscope": 3}, "euler_angles": {"roll": -6.8125, "pitch": -5.75, "heading": 297.25}, "linear_acceleration": {"y": 0.1, "z": -0.35, "x": -0.61}, "distance": {"cm": 135.58, "inches": 53.38}, "time": {"start": 1557974115477504, "scale": "microsecond"}}
{"quaternion": {"w": 0.845458984375, "y": 0.07635498046875, "z": 0.52764892578125, "x": 0.0302734375}, "imu_calibration": {"system": 3, "accelerometer": 3, "magnetometer": 3, "gyroscope": 3}, "euler_angles": {"roll": -5.5625, "pitch": -7.5625, "heading": 296.0}, "linear_acceleration": {"y": 0.38, "z": -0.42, "x": 0.62}, "distance": {"cm": 132.24, "inches": 52.06}, "time": {"start": 1557974115553203, "scale": "microsecond"}}
{"quaternion": {"w": 0.84283447265625, "y": 0.0738525390625, "z": 0.53204345703125, "x": 0.03369140625}, "imu_calibration": {"system": 3, "accelerometer": 3, "magnetometer": 3, "gyroscope": 3}, "euler_angles": {"roll": -5.0625, "pitch": -7.75, "heading": 295.4375}, "linear_acceleration": {"y": -0.03, "z": -0.29, "x": 0.46}, "distance": {"cm": 130.68, "inches": 51.45}, "time": {"start": 1557974115622989, "scale": "microsecond"}}
{"quaternion": {"w": 0.842041015625, "y": 0.07086181640625, "z": 0.5341796875, "x": 0.024169921875}, "imu_calibration": {"system": 3, "accelerometer": 3, "magnetometer": 3, "gyroscope": 3}, "euler_angles": {"roll": -5.375, "pitch": -6.75, "heading": 295.25}, "linear_acceleration": {"y": 0.66, "z": -2.12, "x": 0.77}, "distance": {"cm": 138.45, "inches": 54.51}, "time": {"start": 1557974115688331, "scale": "microsecond"}}
{"quaternion": {"w": 0.84832763671875, "y": 0.0596923828125, "z": 0.52496337890625, "x": 0.0347900390625}, "imu_calibration": {"system": 3, "accelerometer": 3, "magnetometer": 3, "gyroscope": 3}, "euler_angles": {"roll": -3.875, "pitch": -6.8125, "heading": 296.5}, "linear_acceleration": {"y": -0.58, "z": -0.87, "x": 0.95}, "distance": {"cm": 140.32, "inches": 55.24}, "time": {"start": 1557974115757799, "scale": "microsecond"}}
{"quaternion": {"w": 0.83782958984375, "y": 0.0673828125, "z": 0.5408935546875, "x": 0.0302734375}, "imu_calibration": {"system": 3, "accelerometer": 3, "magnetometer": 3, "gyroscope": 3}, "euler_angles": {"roll": -4.1875, "pitch": -7.1875, "heading": 294.5625}, "linear_acceleration": {"y": 0.34, "z": -0.81, "x": -0.41}, "distance": {"cm": 139.72, "inches": 55.01}, "time": {"start": 1557974115827252, "scale": "microsecond"}}
{"quaternion": {"w": 0.83160400390625, "y": 0.0850830078125, "z": 0.54852294921875, "x": 0.01910400390625}, "imu_calibration": {"system": 3, "accelerometer": 3, "magnetometer": 3, "gyroscope": 3}, "euler_angles": {"roll": -6.875, "pitch": -7.1875, "heading": 293.125}, "linear_acceleration": {"y": -0.02, "z": -0.57, "x": -0.28}, "distance": {"cm": 136.49, "inches": 53.74}, "time": {"start": 1557974115899740, "scale": "microsecond"}}
{"quaternion": {"w": 0.81591796875, "y": 0.0906982421875, "z": 0.57086181640625, "x": 0.01300048828125}, "imu_calibration": {"system": 3, "accelerometer": 3, "magnetometer": 3, "gyroscope": 3}, "euler_angles": {"roll": -7.4375, "pitch": -7.4375, "heading": 290.5}, "linear_acceleration": {"y": 0.52, "z": 0.09, "x": -1.27}, "distance": {"cm": 134.52, "inches": 52.96}, "time": {"start": 1557974115969040, "scale": "microsecond"}}
{"quaternion": {"w": 0.7967529296875, "y": 0.09405517578125, "z": 0.59698486328125, "x": -0.00445556640625}, "imu_calibration": {"system": 3, "accelerometer": 3, "magnetometer": 3, "gyroscope": 3}, "euler_angles": {"roll": -8.875, "pitch": -6.1875, "heading": 287.0625}, "linear_acceleration": {"y": 0.93, "z": -0.16, "x": -1.54}, "distance": {"cm": 131.89, "inches": 51.93}, "time": {"start": 1557974116037538, "scale": "microsecond"}}
{"quaternion": {"w": 0.784912109375, "y": 0.09344482421875, "z": 0.612548828125, "x": -0.00518798828125}, "imu_calibration": {"system": 3, "accelerometer": 3, "magnetometer": 3, "gyroscope": 3}, "euler_angles": {"roll": -8.625, "pitch": -5.75, "heading": 284.25}, "linear_acceleration": {"y": -0.08, "z": 1.96, "x": -2.28}, "distance": {"cm": 132.11, "inches": 52.01}, "time": {"start": 1557974116108892, "scale": "microsecond"}}
{"quaternion": {"w": 0.7779541015625, "y": 0.1055908203125, "z": 0.619384765625, "x": -0.00262451171875}, "imu_calibration": {"system": 3, "accelerometer": 3, "magnetometer": 3, "gyroscope": 3}, "euler_angles": {"roll": -9.5, "pitch": -6.9375, "heading": 283.1875}, "linear_acceleration": {"y": -0.53, "z": 0.46, "x": -1.39}, "distance": {"cm": 28.75, "inches": 11.32}, "time": {"start": 1557974116177821, "scale": "microsecond"}}
{"quaternion": {"w": 0.7691650390625, "y": 0.1253662109375, "z": 0.62652587890625, "x": 0.01025390625}, "imu_calibration": {"system": 3, "accelerometer": 3, "magnetometer": 3, "gyroscope": 3}, "euler_angles": {"roll": -10.3125, "pitch": -9.5625, "heading": 281.8125}, "linear_acceleration": {"y": 0.22, "z": 0.87, "x": -1.88}, "distance": {"cm": 1545.08, "inches": 608.3}, "time": {"start": 1557974116248585, "scale": "microsecond"}}
{"quaternion": {"w": 0.75347900390625, "y": 0.13824462890625, "z": 0.6419677734375, "x": 0.0328369140625}, "imu_calibration": {"system": 3, "accelerometer": 3, "magnetometer": 3, "gyroscope": 3}, "euler_angles": {"roll": -9.5625, "pitch": -13.25, "heading": 279.125}, "linear_acceleration": {"y": 0.97, "z": 0.36, "x": -1.73}, "distance": {"cm": 18.77, "inches": 7.39}, "time": {"start": 1557974116402218, "scale": "microsecond"}}
{"quaternion": {"w": 0.75006103515625, "y": 0.13848876953125, "z": 0.646484375, "x": 0.0162353515625}, "imu_calibration": {"system": 3, "accelerometer": 3, "magnetometer": 3, "gyroscope": 3}, "euler_angles": {"roll": -10.75, "pitch": -11.9375, "heading": 278.4375}, "linear_acceleration": {"y": 0.5, "z": -0.61, "x": -1.04}, "distance": {"cm": 1551.32, "inches": 610.76}, "time": {"start": 1557974116463779, "scale": "microsecond"}}
{"quaternion": {"w": 0.747802734375, "y": 0.1651611328125, "z": 0.64300537109375, "x": 0.00726318359375}, "imu_calibration": {"system": 3, "accelerometer": 3, "magnetometer": 3, "gyroscope": 3}, "euler_angles": {"roll": -13.6875, "pitch": -13.25, "heading": 278.5625}, "linear_acceleration": {"y": 0.07, "z": 0.59, "x": -0.67}, "distance": {"cm": 17.53, "inches": 6.9}, "time": {"start": 1557974116613389, "scale": "microsecond"}}
{"quaternion": {"w": 0.748779296875, "y": 0.1634521484375, "z": 0.642333984375, "x": -0.0042724609375}, "imu_calibration": {"system": 3, "accelerometer": 3, "magnetometer": 3, "gyroscope": 3}, "euler_angles": {"roll": -14.4375, "pitch": -12.125, "heading": 278.75}, "linear_acceleration": {"y": 0.0, "z": -0.22, "x": 0.42}, "distance": {"cm": 17.55, "inches": 6.91}, "time": {"start": 1557974116674914, "scale": "microsecond"}}
{"quaternion": {"w": 0.74658203125, "y": 0.16839599609375, "z": 0.6435546875, "x": -0.00738525390625}, "imu_calibration": {"system": 3, "accelerometer": 3, "magnetometer": 3, "gyroscope": 3}, "euler_angles": {"roll": -15.0, "pitch": -12.375, "heading": 278.5625}, "linear_acceleration": {"y": -0.57, "z": -0.01, "x": -0.88}, "distance": {"cm": 18.4, "inches": 7.24}, "time": {"start": 1557974116734518, "scale": "microsecond"}}
{"quaternion": {"w": 0.7469482421875, "y": 0.17108154296875, "z": 0.64239501953125, "x": -0.0120849609375}, "imu_calibration": {"system": 3, "accelerometer": 3, "magnetometer": 3, "gyroscope": 3}, "euler_angles": {"roll": -15.5625, "pitch": -11.9375, "heading": 278.5}, "linear_acceleration": {"y": -0.41, "z": 1.75, "x": 0.0}, "distance": {"cm": 1516.13, "inches": 596.91}, "time": {"start": 1557974116801957, "scale": "microsecond"}}
{"quaternion": {"w": 0.748046875, "y": 0.1456298828125, "z": 0.644775390625, "x": -0.0592041015625}, "imu_calibration": {"system": 3, "accelerometer": 3, "magnetometer": 3, "gyroscope": 3}, "euler_angles": {"roll": -17.125, "pitch": -5.875, "heading": 278.625}, "linear_acceleration": {"y": -0.2, "z": -1.64, "x": -0.31}, "distance": {"cm": 1568.03, "inches": 617.34}, "time": {"start": 1557974116950694, "scale": "microsecond"}}
{"quaternion": {"w": 0.7489013671875, "y": 0.1405029296875, "z": 0.6427001953125, "x": -0.0799560546875}, "imu_calibration": {"system": 3, "accelerometer": 3, "magnetometer": 3, "gyroscope": 3}, "euler_angles": {"roll": -18.25, "pitch": -3.9375, "heading": 278.75}, "linear_acceleration": {"y": -0.67, "z": -0.74, "x": 0.17}, "distance": {"cm": 1566.76, "inches": 616.84}, "time": {"start": 1557974117102881, "scale": "microsecond"}}
{"quaternion": {"w": 0.73492431640625, "y": 0.14813232421875, "z": 0.656494140625, "x": -0.0833740234375}, "imu_calibration": {"system": 3, "accelerometer": 3, "magnetometer": 3, "gyroscope": 3}, "euler_angles": {"roll": -19.0625, "pitch": -4.3125, "heading": 276.4375}, "linear_acceleration": {"y": 0.87, "z": -1.69, "x": 0.19}, "distance": {"cm": 1570.59, "inches": 618.35}, "time": {"start": 1557974117255717, "scale": "microsecond"}}
{"quaternion": {"w": 0.75445556640625, "y": 0.1746826171875, "z": 0.62933349609375, "x": -0.06524658203125}, "imu_calibration": {"system": 3, "accelerometer": 3, "magnetometer": 3, "gyroscope": 3}, "euler_angles": {"roll": -20.1875, "pitch": -7.375, "heading": 280.3125}, "linear_acceleration": {"y": -0.87, "z": -0.74, "x": 2.79}, "distance": {"cm": 1569.79, "inches": 618.03}, "time": {"start": 1557974117407171, "scale": "microsecond"}}
{"quaternion": {"w": 0.74114990234375, "y": 0.12371826171875, "z": 0.65838623046875, "x": -0.04327392578125}, "imu_calibration": {"system": 3, "accelerometer": 3, "magnetometer": 3, "gyroscope": 3}, "euler_angles": {"roll": -13.875, "pitch": -5.8125, "heading": 276.75}, "linear_acceleration": {"y": 0.51, "z": -1.02, "x": 0.31}, "distance": {"cm": 1570.11, "inches": 618.16}, "time": {"start": 1557974117557430, "scale": "microsecond"}}
{"quaternion": {"w": 0.74822998046875, "y": 0.08056640625, "z": 0.65777587890625, "x": 0.03131103515625}, "imu_calibration": {"system": 3, "accelerometer": 3, "magnetometer": 3, "gyroscope": 3}, "euler_angles": {"roll": -4.5, "pitch": -8.8125, "heading": 277.3125}, "linear_acceleration": {"y": 0.58, "z": 1.86, "x": -0.46}, "distance": {"cm": 14.5, "inches": 5.71}, "time": {"start": 1557974117707847, "scale": "microsecond"}}
{"quaternion": {"w": 0.75274658203125, "y": 0.06207275390625, "z": 0.65509033203125, "x": -0.01788330078125}, "imu_calibration": {"system": 3, "accelerometer": 3, "magnetometer": 3, "gyroscope": 3}, "euler_angles": {"roll": -6.6875, "pitch": -3.125, "heading": 277.875}, "linear_acceleration": {"y": -0.82, "z": -1.75, "x": -0.23}, "distance": {"cm": 13.95, "inches": 5.49}, "time": {"start": 1557974117767557, "scale": "microsecond"}}
{"quaternion": {"w": 0.7576904296875, "y": 0.06195068359375, "z": 0.649658203125, "x": 0.00189208984375}, "imu_calibration": {"system": 3, "accelerometer": 3, "magnetometer": 3, "gyroscope": 3}, "euler_angles": {"roll": -5.1875, "pitch": -4.75, "heading": 278.75}, "linear_acceleration": {"y": 0.02, "z": 0.65, "x": -0.64}, "distance": {"cm": 13.02, "inches": 5.13}, "time": {"start": 1557974117827889, "scale": "microsecond"}}
{"quaternion": {"w": 0.7587890625, "y": 0.05889892578125, "z": 0.6485595703125, "x": 0.01275634765625}, "imu_calibration": {"system": 3, "accelerometer": 3, "magnetometer": 3, "gyroscope": 3}, "euler_angles": {"roll": -4.3125, "pitch": -5.375, "heading": 278.875}, "linear_acceleration": {"y": -0.33, "z": -0.13, "x": 0.49}, "distance": {"cm": 12.52, "inches": 4.93}, "time": {"start": 1557974117887986, "scale": "microsecond"}}
{"quaternion": {"w": 0.7572021484375, "y": 0.057373046875, "z": 0.65020751953125, "x": 0.02313232421875}, "imu_calibration": {"system": 3, "accelerometer": 3, "magnetometer": 3, "gyroscope": 3}, "euler_angles": {"roll": -3.25, "pitch": -6.25, "heading": 278.6875}, "linear_acceleration": {"y": -0.08, "z": -0.5, "x": -0.48}, "distance": {"cm": 12.41, "inches": 4.88}, "time": {"start": 1557974117956437, "scale": "microsecond"}}
{"quaternion": {"w": 0.75518798828125, "y": 0.058837890625, "z": 0.651123046875, "x": 0.0474853515625}, "imu_calibration": {"system": 3, "accelerometer": 3, "magnetometer": 3, "gyroscope": 3}, "euler_angles": {"roll": -1.75, "pitch": -8.1875, "heading": 278.4375}, "linear_acceleration": {"y": 0.1, "z": -0.05, "x": -0.55}, "distance": {"cm": 12.0, "inches": 4.72}, "time": {"start": 1557974118024615, "scale": "microsecond"}}
{"quaternion": {"w": 0.75225830078125, "y": 0.06256103515625, "z": 0.6519775390625, "x": 0.07135009765625}, "imu_calibration": {"system": 3, "accelerometer": 3, "magnetometer": 3, "gyroscope": 3}, "euler_angles": {"roll": -0.3125, "pitch": -10.4375, "heading": 278.1875}, "linear_acceleration": {"y": -0.22, "z": -0.58, "x": -0.72}, "distance": {"cm": 11.89, "inches": 4.68}, "time": {"start": 1557974118088589, "scale": "microsecond"}}
{"quaternion": {"w": 0.74981689453125, "y": 0.05010986328125, "z": 0.65704345703125, "x": 0.0596923828125}, "imu_calibration": {"system": 3, "accelerometer": 3, "magnetometer": 3, "gyroscope": 3}, "euler_angles": {"roll": 0.1875, "pitch": -8.875, "heading": 277.5}, "linear_acceleration": {"y": -1.06, "z": -1.55, "x": -0.17}, "distance": {"cm": 12.79, "inches": 5.03}, "time": {"start": 1557974118157434, "scale": "microsecond"}}
{"quaternion": {"w": 0.75177001953125, "y": 0.0185546875, "z": 0.65875244140625, "x": 0.0244140625}, "imu_calibration": {"system": 3, "accelerometer": 3, "magnetometer": 3, "gyroscope": 3}, "euler_angles": {"roll": 0.1875, "pitch": -3.5, "heading": 277.5}, "linear_acceleration": {"y": -1.09, "z": 0.96, "x": -0.9}, "distance": {"cm": 12.9, "inches": 5.08}, "time": {"start": 1557974118220396, "scale": "microsecond"}}
{"quaternion": {"w": 0.75341796875, "y": 0.0185546875, "z": 0.65679931640625, "x": 0.02447509765625}, "imu_calibration": {"system": 3, "accelerometer": 3, "magnetometer": 3, "gyroscope": 3}, "euler_angles": {"roll": 0.1875, "pitch": -3.5, "heading": 277.8125}, "linear_acceleration": {"y": -0.56, "z": -0.07, "x": -0.49}, "distance": {"cm": 12.77, "inches": 5.03}, "time": {"start": 1557974118280777, "scale": "microsecond"}}
{"quaternion": {"w": 0.75628662109375, "y": 0.0186767578125, "z": 0.65374755859375, "x": 0.01904296875}, "imu_calibration": {"system": 3, "accelerometer": 3, "magnetometer": 3, "gyroscope": 3}, "euler_angles": {"roll": -0.125, "pitch": -3.0625, "heading": 278.0}, "linear_acceleration": {"y": -0.46, "z": -0.13, "x": -0.43}, "distance": {"cm": 12.73, "inches": 5.01}, "time": {"start": 1557974118345409, "scale": "microsecond"}}
{"quaternion": {"w": 0.75640869140625, "y": 0.018798828125, "z": 0.65362548828125, "x": 0.0150146484375}, "imu_calibration": {"system": 3, "accelerometer": 3, "magnetometer": 3, "gyroscope": 3}, "euler_angles": {"roll": -0.5, "pitch": -2.6875, "heading": 278.3125}, "linear_acceleration": {"y": -0.42, "z": -0.16, "x": -0.37}, "distance": {"cm": 12.83, "inches": 5.05}, "time": {"start": 1557974118410028, "scale": "microsecond"}}
{"quaternion": {"w": 0.75689697265625, "y": 0.01885986328125, "z": 0.65313720703125, "x": 0.0118408203125}, "imu_calibration": {"system": 3, "accelerometer": 3, "magnetometer": 3, "gyroscope": 3}, "euler_angles": {"roll": -0.75, "pitch": -2.4375, "heading": 278.375}, "linear_acceleration": {"y": -0.37, "z": -0.16, "x": -0.34}, "distance": {"cm": 12.81, "inches": 5.04}, "time": {"start": 1557974118472333, "scale": "microsecond"}}
{"quaternion": {"w": 0.7576904296875, "y": 0.01898193359375, "z": 0.65228271484375, "x": 0.00848388671875}, "imu_calibration": {"system": 3, "accelerometer": 3, "magnetometer": 3, "gyroscope": 3}, "euler_angles": {"roll": -0.9375, "pitch": -2.1875, "heading": 278.5}, "linear_acceleration": {"y": -0.33, "z": -0.14, "x": -0.29}, "distance": {"cm": 12.77, "inches": 5.03}, "time": {"start": 1557974118536845, "scale": "microsecond"}}
{"quaternion": {"w": 0.7578125, "y": 0.01904296875, "z": 0.65216064453125, "x": 0.00653076171875}, "imu_calibration": {"system": 3, "accelerometer": 3, "magnetometer": 3, "gyroscope": 3}, "euler_angles": {"roll": -1.125, "pitch": -1.9375, "heading": 278.5625}, "linear_acceleration": {"y": -0.28, "z": -0.14, "x": -0.27}, "distance": {"cm": 12.8, "inches": 5.04}, "time": {"start": 1557974118609121, "scale": "microsecond"}}
{"quaternion": {"w": 0.7578125, "y": 0.01910400390625, "z": 0.65216064453125, "x": 0.00457763671875}, "imu_calibration": {"system": 3, "accelerometer": 3, "magnetometer": 3, "gyroscope": 3}, "euler_angles": {"roll": -1.25, "pitch": -1.8125, "heading": 278.5625}, "linear_acceleration": {"y": -0.28, "z": -0.17, "x": -0.22}, "distance": {"cm": 12.77, "inches": 5.03}, "time": {"start": 1557974118677480, "scale": "microsecond"}}
{"quaternion": {"w": 0.758056640625, "y": 0.0191650390625, "z": 0.65185546875, "x": 0.00299072265625}, "imu_calibration": {"system": 3, "accelerometer": 3, "magnetometer": 3, "gyroscope": 3}, "euler_angles": {"roll": -1.375, "pitch": -1.6875, "heading": 278.5625}, "linear_acceleration": {"y": -0.25, "z": -0.16, "x": -0.2}, "distance": {"cm": 12.79, "inches": 5.04}, "time": {"start": 1557974118741316, "scale": "microsecond"}}
{"quaternion": {"w": 0.7578125, "y": 0.01922607421875, "z": 0.65216064453125, "x": 0.00189208984375}, "imu_calibration": {"system": 3, "accelerometer": 3, "magnetometer": 3, "gyroscope": 3}, "euler_angles": {"roll": -1.5, "pitch": -1.5625, "heading": 278.5625}, "linear_acceleration": {"y": -0.21, "z": -0.16, "x": -0.19}, "distance": {"cm": 12.8, "inches": 5.04}, "time": {"start": 1557974118811247, "scale": "microsecond"}}
{"quaternion": {"w": 0.758056640625, "y": 0.019287109375, "z": 0.65185546875, "x": 0.0008544921875}, "imu_calibration": {"system": 3, "accelerometer": 3, "magnetometer": 3, "gyroscope": 3}, "euler_angles": {"roll": -1.5625, "pitch": -1.5, "heading": 278.5625}, "linear_acceleration": {"y": -0.22, "z": -0.16, "x": -0.18}, "distance": {"cm": 12.78, "inches": 5.03}, "time": {"start": 1557974118873309, "scale": "microsecond"}}
{"quaternion": {"w": 0.75799560546875, "y": 0.01934814453125, "z": 0.6519775390625, "x": -0.0001220703125}, "imu_calibration": {"system": 3, "accelerometer": 3, "magnetometer": 3, "gyroscope": 3}, "euler_angles": {"roll": -1.625, "pitch": -1.4375, "heading": 278.5625}, "linear_acceleration": {"y": -0.19, "z": -0.14, "x": -0.16}, "distance": {"cm": 12.81, "inches": 5.04}, "time": {"start": 1557974118938362, "scale": "microsecond"}}
{"quaternion": {"w": 0.75823974609375, "y": 0.0194091796875, "z": 0.65167236328125, "x": -0.00103759765625}, "imu_calibration": {"system": 3, "accelerometer": 3, "magnetometer": 3, "gyroscope": 3}, "euler_angles": {"roll": -1.75, "pitch": -1.3125, "heading": 278.625}, "linear_acceleration": {"y": -0.18, "z": -0.13, "x": -0.15}, "distance": {"cm": 12.76, "inches": 5.02}, "time": {"start": 1557974119008632, "scale": "microsecond"}}
{"quaternion": {"w": 0.75823974609375, "y": 0.0194091796875, "z": 0.65167236328125, "x": -0.001708984375}, "imu_calibration": {"system": 3, "accelerometer": 3, "magnetometer": 3, "gyroscope": 3}, "euler_angles": {"roll": -1.8125, "pitch": -1.25, "heading": 278.625}, "linear_acceleration": {"y": -0.18, "z": -0.17, "x": -0.16}, "distance": {"cm": 12.71, "inches": 5.0}, "time": {"start": 1557974119073605, "scale": "microsecond"}}
{"quaternion": {"w": 0.7578125, "y": 0.01947021484375, "z": 0.6522216796875, "x": -0.0025634765625}, "imu_calibration": {"system": 3, "accelerometer": 3, "magnetometer": 3, "gyroscope": 3}, "euler_angles": {"roll": -1.8125, "pitch": -1.25, "heading": 278.625}, "linear_acceleration": {"y": -0.17, "z": -0.1, "x": -0.15}, "distance": {"cm": 12.81, "inches": 5.04}, "time": {"start": 1557974119138663, "scale": "microsecond"}}
{"quaternion": {"w": 0.75787353515625, "y": 0.01947021484375, "z": 0.65203857421875, "x": -0.00311279296875}, "imu_calibration": {"system": 3, "accelerometer": 3, "magnetometer": 3, "gyroscope": 3}, "euler_angles": {"roll": -1.875, "pitch": -1.1875, "heading": 278.5625}, "linear_acceleration": {"y": -0.15, "z": -0.14, "x": -0.13}, "distance": {"cm": 12.81, "inches": 5.05}, "time": {"start": 1557974119211515, "scale": "microsecond"}}
{"quaternion": {"w": 0.75787353515625, "y": 0.01947021484375, "z": 0.652099609375, "x": -0.0035400390625}, "imu_calibration": {"system": 3, "accelerometer": 3, "magnetometer": 3, "gyroscope": 3}, "euler_angles": {"roll": -1.9375, "pitch": -1.125, "heading": 278.5625}, "linear_acceleration": {"y": -0.13, "z": -0.17, "x": -0.14}, "distance": {"cm": 12.78, "inches": 5.03}, "time": {"start": 1557974119274808, "scale": "microsecond"}}
{"quaternion": {"w": 0.757568359375, "y": 0.01953125, "z": 0.6524658203125, "x": -0.004150390625}, "imu_calibration": {"system": 3, "accelerometer": 3, "magnetometer": 3, "gyroscope": 3}, "euler_angles": {"roll": -1.9375, "pitch": -1.0625, "heading": 278.5}, "linear_acceleration": {"y": -0.14, "z": -0.14, "x": -0.13}, "distance": {"cm": 12.84, "inches": 5.05}, "time": {"start": 1557974119340025, "scale": "microsecond"}}
{"quaternion": {"w": 0.757568359375, "y": 0.01953125, "z": 0.6524658203125, "x": -0.0045166015625}, "imu_calibration": {"system": 3, "accelerometer": 3, "magnetometer": 3, "gyroscope": 3}, "euler_angles": {"roll": -2.0, "pitch": -1.0625, "heading": 278.5}, "linear_acceleration": {"y": -0.14, "z": -0.15, "x": -0.12}, "distance": {"cm": 12.74, "inches": 5.01}, "time": {"start": 1557974119411536, "scale": "microsecond"}}
{"quaternion": {"w": 0.75762939453125, "y": 0.01953125, "z": 0.65234375, "x": -0.00494384765625}, "imu_calibration": {"system": 3, "accelerometer": 3, "magnetometer": 3, "gyroscope": 3}, "euler_angles": {"roll": -2.0625, "pitch": -1.0, "heading": 278.5}, "linear_acceleration": {"y": -0.12, "z": -0.14, "x": -0.13}, "distance": {"cm": 12.75, "inches": 5.02}, "time": {"start": 1557974119480028, "scale": "microsecond"}}
{"quaternion": {"w": 0.75762939453125, "y": 0.01953125, "z": 0.65234375, "x": -0.00537109375}, "imu_calibration": {"system": 3, "accelerometer": 3, "magnetometer": 3, "gyroscope": 3}, "euler_angles": {"roll": -2.0625, "pitch": -1.0, "heading": 278.5}, "linear_acceleration": {"y": -0.1, "z": -0.13, "x": -0.09}, "distance": {"cm": 12.77, "inches": 5.03}, "time": {"start": 1557974119543934, "scale": "microsecond"}}
{"quaternion": {"w": 0.75775146484375, "y": 0.01953125, "z": 0.6522216796875, "x": -0.00567626953125}, "imu_calibration": {"system": 3, "accelerometer": 3, "magnetometer": 3, "gyroscope": 3}, "euler_angles": {"roll": -2.0625, "pitch": -0.9375, "heading": 278.5}, "linear_acceleration": {"y": -0.13, "z": -0.16, "x": -0.1}, "distance": {"cm": 12.81, "inches": 5.04}, "time": {"start": 1557974119613874, "scale": "microsecond"}}
{"quaternion": {"w": 0.75750732421875, "y": 0.01959228515625, "z": 0.65252685546875, "x": -0.0059814453125}, "imu_calibration": {"system": 3, "accelerometer": 3, "magnetometer": 3, "gyroscope": 3}, "euler_angles": {"roll": -2.125, "pitch": -0.9375, "heading": 278.5}, "linear_acceleration": {"y": -0.12, "z": -0.14, "x": -0.1}, "distance": {"cm": 12.78, "inches": 5.03}, "time": {"start": 1557974119680422, "scale": "microsecond"}}
{"quaternion": {"w": 0.75750732421875, "y": 0.01959228515625, "z": 0.6524658203125, "x": -0.00628662109375}, "imu_calibration": {"system": 3, "accelerometer": 3, "magnetometer": 3, "gyroscope": 3}, "euler_angles": {"roll": -2.125, "pitch": -0.875, "heading": 278.5}, "linear_acceleration": {"y": -0.09, "z": -0.16, "x": -0.08}, "distance": {"cm": 12.72, "inches": 5.01}, "time": {"start": 1557974119744380, "scale": "microsecond"}}
{"quaternion": {"w": 0.75750732421875, "y": 0.01959228515625, "z": 0.6524658203125, "x": -0.00653076171875}, "imu_calibration": {"system": 3, "accelerometer": 3, "magnetometer": 3, "gyroscope": 3}, "euler_angles": {"roll": -2.1875, "pitch": -0.875, "heading": 278.5}, "linear_acceleration": {"y": -0.1, "z": -0.15, "x": -0.08}, "distance": {"cm": 12.81, "inches": 5.04}, "time": {"start": 1557974119814589, "scale": "microsecond"}}
{"quaternion": {"w": 0.7574462890625, "y": 0.01959228515625, "z": 0.65252685546875, "x": -0.00677490234375}, "imu_calibration": {"system": 3, "accelerometer": 3, "magnetometer": 3, "gyroscope": 3}, "euler_angles": {"roll": -2.1875, "pitch": -0.875, "heading": 278.5}, "linear_acceleration": {"y": -0.13, "z": -0.16, "x": -0.1}, "distance": {"cm": 12.83, "inches": 5.05}, "time": {"start": 1557974119876835, "scale": "microsecond"}}
{"quaternion": {"w": 0.75738525390625, "y": 0.01959228515625, "z": 0.65264892578125, "x": -0.007080078125}, "imu_calibration": {"system": 3, "accelerometer": 3, "magnetometer": 3, "gyroscope": 3}, "euler_angles": {"roll": -2.1875, "pitch": -0.8125, "heading": 278.5}, "linear_acceleration": {"y": -0.08, "z": -0.16, "x": -0.1}, "distance": {"cm": 12.82, "inches": 5.05}, "time": {"start": 1557974119941704, "scale": "microsecond"}}
{"quaternion": {"w": 0.75738525390625, "y": 0.01959228515625, "z": 0.65264892578125, "x": -0.00732421875}, "imu_calibration": {"system": 3, "accelerometer": 3, "magnetometer": 3, "gyroscope": 3}, "euler_angles": {"roll": -2.1875, "pitch": -0.8125, "heading": 278.4375}, "linear_acceleration": {"y": -0.08, "z": -0.13, "x": -0.05}, "distance": {"cm": 12.77, "inches": 5.03}, "time": {"start": 1557974120013621, "scale": "microsecond"}}
{"quaternion": {"w": 0.75634765625, "y": 0.01959228515625, "z": 0.65386962890625, "x": -0.00750732421875}, "imu_calibration": {"system": 3, "accelerometer": 3, "magnetometer": 3, "gyroscope": 3}, "euler_angles": {"roll": -2.25, "pitch": -0.8125, "heading": 278.3125}, "linear_acceleration": {"y": -0.09, "z": -0.13, "x": -0.07}, "distance": {"cm": 12.86, "inches": 5.06}, "time": {"start": 1557974120084021, "scale": "microsecond"}}
{"quaternion": {"w": 0.75628662109375, "y": 0.01959228515625, "z": 0.65386962890625, "x": -0.00750732421875}, "imu_calibration": {"system": 3, "accelerometer": 3, "magnetometer": 3, "gyroscope": 3}, "euler_angles": {"roll": -2.25, "pitch": -0.8125, "heading": 278.3125}, "linear_acceleration": {"y": -0.09, "z": -0.15, "x": -0.08}, "distance": {"cm": 12.83, "inches": 5.05}, "time": {"start": 1557974120147160, "scale": "microsecond"}}
{"quaternion": {"w": 0.7562255859375, "y": 0.01959228515625, "z": 0.65399169921875, "x": -0.00750732421875}, "imu_calibration": {"system": 3, "accelerometer": 3, "magnetometer": 3, "gyroscope": 3}, "euler_angles": {"roll": -2.25, "pitch": -0.8125, "heading": 278.25}, "linear_acceleration": {"y": -0.07, "z": -0.14, "x": -0.07}, "distance": {"cm": 12.72, "inches": 5.01}, "time": {"start": 1557974120213776, "scale": "microsecond"}}
{"quaternion": {"w": 0.75616455078125, "y": 0.01959228515625, "z": 0.654052734375, "x": -0.00750732421875}, "imu_calibration": {"system": 3, "accelerometer": 3, "magnetometer": 3, "gyroscope": 3}, "euler_angles": {"roll": -2.25, "pitch": -0.8125, "heading": 278.25}, "linear_acceleration": {"y": -0.1, "z": -0.13, "x": -0.06}, "distance": {"cm": 12.72, "inches": 5.01}, "time": {"start": 1557974120277424, "scale": "microsecond"}}
{"quaternion": {"w": 0.75616455078125, "y": 0.01959228515625, "z": 0.654052734375, "x": -0.00750732421875}, "imu_calibration": {"system": 3, "accelerometer": 3, "magnetometer": 3, "gyroscope": 3}, "euler_angles": {"roll": -2.25, "pitch": -0.8125, "heading": 278.25}, "linear_acceleration": {"y": -0.1, "z": -0.12, "x": -0.07}, "distance": {"cm": 12.81, "inches": 5.04}, "time": {"start": 1557974120337759, "scale": "microsecond"}}
{"quaternion": {"w": 0.75579833984375, "y": 0.01959228515625, "z": 0.65447998046875, "x": -0.00750732421875}, "imu_calibration": {"system": 3, "accelerometer": 3, "magnetometer": 3, "gyroscope": 3}, "euler_angles": {"roll": -2.25, "pitch": -0.8125, "heading": 278.1875}, "linear_acceleration": {"y": -0.08, "z": -0.17, "x": -0.07}, "distance": {"cm": 12.71, "inches": 5.0}, "time": {"start": 1557974120398666, "scale": "microsecond"}}
{"quaternion": {"w": 0.75579833984375, "y": 0.01959228515625, "z": 0.65447998046875, "x": -0.00750732421875}, "imu_calibration": {"system": 3, "accelerometer": 3, "magnetometer": 3, "gyroscope": 3}, "euler_angles": {"roll": -2.25, "pitch": -0.8125, "heading": 278.1875}, "linear_acceleration": {"y": -0.08, "z": -0.15, "x": -0.07}, "distance": {"cm": 12.9, "inches": 5.08}, "time": {"start": 1557974120464904, "scale": "microsecond"}}
{"quaternion": {"w": 0.75579833984375, "y": 0.01959228515625, "z": 0.65447998046875, "x": -0.00750732421875}, "imu_calibration": {"system": 3, "accelerometer": 3, "magnetometer": 3, "gyroscope": 3}, "euler_angles": {"roll": -2.25, "pitch": -0.8125, "heading": 278.1875}, "linear_acceleration": {"y": -0.08, "z": -0.17, "x": -0.07}, "distance": {"cm": 12.88, "inches": 5.07}, "time": {"start": 1557974120528906, "scale": "microsecond"}}
{"quaternion": {"w": 0.75579833984375, "y": 0.01959228515625, "z": 0.65447998046875, "x": -0.00750732421875}, "imu_calibration": {"system": 3, "accelerometer": 3, "magnetometer": 3, "gyroscope": 3}, "euler_angles": {"roll": -2.25, "pitch": -0.8125, "heading": 278.1875}, "linear_acceleration": {"y": -0.09, "z": -0.16, "x": -0.06}, "distance": {"cm": 12.76, "inches": 5.02}, "time": {"start": 1557974120593477, "scale": "microsecond"}}
{"quaternion": {"w": 0.75579833984375, "y": 0.01959228515625, "z": 0.65447998046875, "x": -0.00750732421875}, "imu_calibration": {"system": 3, "accelerometer": 3, "magnetometer": 3, "gyroscope": 3}, "euler_angles": {"roll": -2.25, "pitch": -0.8125, "heading": 278.1875}, "linear_acceleration": {"y": -0.11, "z": -0.13, "x": -0.06}, "distance": {"cm": 12.78, "inches": 5.03}, "time": {"start": 1557974120663614, "scale": "microsecond"}}
{"quaternion": {"w": 0.75579833984375, "y": 0.01959228515625, "z": 0.65447998046875, "x": -0.00750732421875}, "imu_calibration": {"system": 3, "accelerometer": 3, "magnetometer": 3, "gyroscope": 3}, "euler_angles": {"roll": -2.25, "pitch": -0.8125, "heading": 278.1875}, "linear_acceleration": {"y": -0.08, "z": -0.16, "x": -0.09}, "distance": {"cm": 12.87, "inches": 5.07}, "time": {"start": 1557974120727433, "scale": "microsecond"}}
{"quaternion": {"w": 0.75579833984375, "y": 0.01959228515625, "z": 0.65447998046875, "x": -0.00750732421875}, "imu_calibration": {"system": 3, "accelerometer": 3, "magnetometer": 3, "gyroscope": 3}, "euler_angles": {"roll": -2.25, "pitch": -0.8125, "heading": 278.1875}, "linear_acceleration": {"y": -0.09, "z": -0.14, "x": -0.08}, "distance": {"cm": 12.75, "inches": 5.02}, "time": {"start": 1557974120789504, "scale": "microsecond"}}
{"quaternion": {"w": 0.75579833984375, "y": 0.01959228515625, "z": 0.65447998046875, "x": -0.00750732421875}, "imu_calibration": {"system": 3, "accelerometer": 3, "magnetometer": 3, "gyroscope": 3}, "euler_angles": {"roll": -2.25, "pitch": -0.8125, "heading": 278.1875}, "linear_acceleration": {"y": -0.11, "z": -0.11, "x": -0.06}, "distance": {"cm": 12.76, "inches": 5.02}, "time": {"start": 1557974120857231, "scale": "microsecond"}}
{"quaternion": {"w": 0.75579833984375, "y": 0.01959228515625, "z": 0.65447998046875, "x": -0.00750732421875}, "imu_calibration": {"system": 3, "accelerometer": 3, "magnetometer": 3, "gyroscope": 3}, "euler_angles": {"roll": -2.25, "pitch": -0.8125, "heading": 278.1875}, "linear_acceleration": {"y": -0.09, "z": -0.17, "x": -0.06}, "distance": {"cm": 12.77, "inches": 5.03}, "time": {"start": 1557974120919880, "scale": "microsecond"}}
